"0","worst_drivers <- bad_drivers %>%"
"0","  mutate(perc_distracted = 100 - perc_not_distracted) %>%"
"0","  arrange(desc(num_drivers)) %>%"
"0","  mutate(Rank = row_number())"
"0",""
"0","state_row <- worst_drivers %>%"
"0","  filter(state == params$state) %>%"
"0","  pull(Rank)"
"0",""
"0","worst_drivers %>%  "
"0","  filter(Rank %in% 1:5 | state == params$state) %>%"
"0","  mutate_at(.vars = vars(perc_alcohol, perc_speeding, perc_distracted), .funs = ~scales::percent(. / 100)) %>%  "
"0","  select(Rank, State = state, `Drivers` = num_drivers, `% Alcohol` = perc_alcohol, `% Speeding` = perc_speeding, `% Distracted` = perc_distracted) %>%"
"0","  kable(format = ""html"", align = ""r"") %>%"
"0","  kable_styling(full_width = FALSE, position = ""left"") %>%"
"0","  row_spec(min(state_row, 6), color = ""#ffffff"", background = ""#1696d2"", bold = TRUE)"
