Name,Designation,Institution,Dept,Event,Place,ID
Ms. ASHINA H,Associate Professor ,"Saintgits College of Engineering, Pathamuttom","Saintgits College of Engineering, Pathamuttom",SUCCESS LIES BEYOND APTITUDE,Kottayam,Q001
Mr. BIJIL M THOMAS,Assistant Professor,"Saintgits College of Engineering, Pathamuttom","Saintgits College of Engineering, Pathamuttom",SUCCESS LIES BEYOND APTITUDE,Kottayam,Q002
Dr.  ANITHA JOSEPH,Professor,"Saintgits College of Engineering, Pathamuttom","Saintgits College of Engineering, Pathamuttom",SUCCESS LIES BEYOND APTITUDE, Kottayam,Q003
Ms. JEENA K THOMAS,Assistant Professor,"Saintgits College of Engineering, Pathamuttom","Saintgits College of Engineering, Pathamuttom",SUCCESS LIES BEYOND APTITUDE,Kottayam,Q004
Ms. AISWARYA K H,Assistant Professor,"Saintgits College of Engineering, Pathamuttom","Saintgits College of Engineering, Pathamuttom",SUCCESS LIES BEYOND APTITUDE,Kottayam,Q005
Mr. TONY THOMAS KURIAN ,Assistant Professor,"Saintgits College of Engineering, Pathamuttom","Saintgits College of Engineering, Pathamuttom",SUCCESS LIES BEYOND APTITUDE,Kottayam,Q006
Mr. JESWIN ABRAHAM MATHEW,Research Scholar,"Saintgits College of Engineering, Pathamuttom","Saintgits College of Engineering, Pathamuttom",SUCCESS LIES BEYOND APTITUDE,Kottayam,Q007
Ms. CHRISTY ALPHONSE SHERI,Research Scholar,"Saintgits College of Engineering, Pathamuttom","Saintgits College of Engineering, Pathamuttom",SUCCESS LIES BEYOND APTITUDE,Kottayam,Q008
Ms. VIDYAKRISHNA P VIDHYADHARAN,Associate Professor ,"Saintgits College of Engineering, Pathamuttom","Saintgits College of Engineering, Pathamuttom",SUCCESS LIES BEYOND APTITUDE,Kottayam,Q009
Ms. SOUMYA SCARIA ,Associate Professor,"Saintgits College of Engineering, Pathamuttom","Saintgits College of Engineering, Pathamuttom",SUCCESS LIES BEYOND APTITUDE,Kottayam,Q010
Mrs. RESHMA KASSIM,Assistant Professor (Senior),"Saintgits College of Engineering, Pathamuttom","Saintgits College of Engineering, Pathamuttom",SUCCESS LIES BEYOND APTITUDE,Kottayam,Q011
Ms. SHARON MARIAM PHILIP,Ph.D Research Scholar,"Saintgits College of Engineering, Pathamuttom","Saintgits College of Engineering, Pathamuttom",SUCCESS LIES BEYOND APTITUDE,Kottayam,Q012
Ms. MERIEL REBECCA KOSHY,Assistant Professor,"Saintgits College of Engineering, Pathamuttom","Saintgits College of Engineering, Pathamuttom",SUCCESS LIES BEYOND APTITUDE,Kottayam,Q013
Ms. DEVIKA JAYARAM,Research Scholar,"Saintgits College of Engineering, Pathamuttom","Saintgits College of Engineering, Pathamuttom",SUCCESS LIES BEYOND APTITUDE,Kottayam,Q014
Ms. KEZIA MARIAM MATHEW,Assistant Professor,"Saintgits College of Engineering, Pathamuttom","Saintgits College of Engineering, Pathamuttom",SUCCESS LIES BEYOND APTITUDE,Kottayam,Q015
Ms. ANU ELIZABETH MAMMEN,Assistant Professor,"Saintgits College of Engineering, Pathamuttom","Saintgits College of Engineering, Pathamuttom",SUCCESS LIES BEYOND APTITUDE,Kottayam,Q016
Mr. NANDAGOPAL D,PG Student,"Saintgits College of Engineering, Pathamuttom","Saintgits College of Engineering, Pathamuttom",SUCCESS LIES BEYOND APTITUDE,Kottayam,Q017
Mr. NOYAL GEORGE VARUGHESE,PG Student,"Saintgits College of Engineering, Pathamuttom","Saintgits College of Engineering, Pathamuttom",SUCCESS LIES BEYOND APTITUDE,Kottayam,Q018
Mr. SARIN S,Assistant Professor,"Saintgits College of Engineering, Pathamuttom","Saintgits College of Engineering, Pathamuttom",SUCCESS LIES BEYOND APTITUDE,Kottayam,Q019
Ms. ALEENA VINOD ,Professor,"Saintgits College of Engineering, Pathamuttom","Saintgits College of Engineering, Pathamuttom",SUCCESS LIES BEYOND APTITUDE,Kottayam,Q020
Mr. AMAL C BINO,Assistant Professor,"Saintgits College of Engineering, Pathamuttom","Saintgits College of Engineering, Pathamuttom",SUCCESS LIES BEYOND APTITUDE,Kottayam,Q021
Ms. REETHU ABRAHAM,UG Student,"Saintgits College of Engineering, Pathamuttom","Saintgits College of Engineering, Pathamuttom",SUCCESS LIES BEYOND APTITUDE,Kottayam,Q022
Ms. HARSHA SANJAN ,Assistant Professor,"Saintgits College of Engineering, Pathamuttom","Saintgits College of Engineering, Pathamuttom",SUCCESS LIES BEYOND APTITUDE,Kottayam,Q023
Mr. MOHAMMED HADHE H,Assistant Professor,"Saintgits College of Engineering, Pathamuttom","Saintgits College of Engineering, Pathamuttom",SUCCESS LIES BEYOND APTITUDE,Kottayam,Q024
Ms. KALYANI NAIR,Assistant Professor,"Saintgits College of Engineering, Pathamuttom","Saintgits College of Engineering, Pathamuttom",SUCCESS LIES BEYOND APTITUDE,Kottayam,Q025
Ms. LEKSHMI S,Assistant Professor,"Saintgits College of Engineering, Pathamuttom","Saintgits College of Engineering, Pathamuttom",SUCCESS LIES BEYOND APTITUDE,Kottayam,Q026
Ms. ALISHA P N,General Manager,"Saintgits College of Engineering, Pathamuttom","Saintgits College of Engineering, Pathamuttom",SUCCESS LIES BEYOND APTITUDE,Kottayam,Q027
Mr. KRISHNANANDH S,Assistant Professor,"Saintgits College of Engineering, Pathamuttom","Saintgits College of Engineering, Pathamuttom",SUCCESS LIES BEYOND APTITUDE,Kottayam,Q028
Ms. MEENU K.M,Assistant Professor,"Saintgits College of Engineering, Pathamuttom","Saintgits College of Engineering, Pathamuttom",SUCCESS LIES BEYOND APTITUDE,Kottayam,Q029
Mr. DANEY RAJAN BABU,Research Scholar,"Saintgits College of Engineering, Pathamuttom","Saintgits College of Engineering, Pathamuttom",SUCCESS LIES BEYOND APTITUDE,Kottayam,Q030
Mr. ALAN P NATH,Associate Professor ,"Saintgits College of Engineering, Pathamuttom","Saintgits College of Engineering, Pathamuttom",SUCCESS LIES BEYOND APTITUDE,Kottayam,Q031
Ms. NEHAL ANNA MATHEW,Associate Professor ,"Saintgits College of Engineering, Pathamuttom","Saintgits College of Engineering, Pathamuttom",SUCCESS LIES BEYOND APTITUDE,Kottayam,Q032
Ms. DEEPTHY SUSAN MATHEW,Associate Professor ,"Saintgits College of Engineering, Pathamuttom","Saintgits College of Engineering, Pathamuttom",SUCCESS LIES BEYOND APTITUDE,Kottayam,Q033
Ms. RIYA MARIUM THOMAS ,Assistant Professor,"Saintgits College of Engineering, Pathamuttom","Saintgits College of Engineering, Pathamuttom",SUCCESS LIES BEYOND APTITUDE,Kottayam,Q034
Ms. GOPIKA P,Assistant Professor,"Saintgits College of Engineering, Pathamuttom","Saintgits College of Engineering, Pathamuttom",SUCCESS LIES BEYOND APTITUDE,Kottayam,Q035
Ms. VINEETHA U PRABHU,Research Scholar,"Saintgits College of Engineering, Pathamuttom","Saintgits College of Engineering, Pathamuttom",SUCCESS LIES BEYOND APTITUDE,Kottayam,Q036
Mr. ALEX JAMES,Student,"Saintgits College of Engineering, Pathamuttom","Saintgits College of Engineering, Pathamuttom",SUCCESS LIES BEYOND APTITUDE,Kottayam,Q037
Mr. GEORGE THOMAS,Assistant Professor,"Saintgits College of Engineering, Pathamuttom","Saintgits College of Engineering, Pathamuttom",SUCCESS LIES BEYOND APTITUDE,Kottayam,Q038
Ms. SHWETA SAM,Associate Professor ,"Saintgits College of Engineering, Pathamuttom","Saintgits College of Engineering, Pathamuttom",SUCCESS LIES BEYOND APTITUDE,Kottayam,Q039
Ms. SREELEKSHMI P U,Assistant Professor,"Saintgits College of Engineering, Pathamuttom","Saintgits College of Engineering, Pathamuttom",SUCCESS LIES BEYOND APTITUDE,Kottayam,Q040
Ms. MEENU K.M,Assistant Professor,"Saintgits College of Engineering, Pathamuttom","Saintgits College of Engineering, Pathamuttom",SUCCESS LIES BEYOND APTITUDE,Kottayam,Q041
Ms. IRIN VINOY,Professor,"Saintgits College of Engineering, Pathamuttom","Saintgits College of Engineering, Pathamuttom",SUCCESS LIES BEYOND APTITUDE,Kottayam,Q042
Ms. ADITHYA D,Assistant Professor,"Saintgits College of Engineering, Pathamuttom","Saintgits College of Engineering, Pathamuttom",SUCCESS LIES BEYOND APTITUDE,Kottayam,Q043
Mr. SIFFIN SAJI,Assistant Professor,"Saintgits College of Engineering, Pathamuttom","Saintgits College of Engineering, Pathamuttom",SUCCESS LIES BEYOND APTITUDE,Kottayam,Q044
Mr. BENET PHILIPS JOHNS,Associate Professor ,"Saintgits College of Engineering, Pathamuttom","Saintgits College of Engineering, Pathamuttom",SUCCESS LIES BEYOND APTITUDE,Kottayam,Q045
Ms. KRISHNA THAMPY,Assistant Professor,"Saintgits College of Engineering, Pathamuttom","Saintgits College of Engineering, Pathamuttom",SUCCESS LIES BEYOND APTITUDE,Kottayam,Q046
Ms. TANIYA ANNA JACOB,Assistant Professor,"Saintgits College of Engineering, Pathamuttom","Saintgits College of Engineering, Pathamuttom",SUCCESS LIES BEYOND APTITUDE,Kottayam,Q047
Ms. ARCHANA A P,Associate Professor ,"Saintgits College of Engineering, Pathamuttom","Saintgits College of Engineering, Pathamuttom",SUCCESS LIES BEYOND APTITUDE,Kottayam,Q048
Ms. RIFANA ,Assistant Professor,"Saintgits College of Engineering, Pathamuttom","Saintgits College of Engineering, Pathamuttom",SUCCESS LIES BEYOND APTITUDE,Kottayam,Q049
Ms. PRINCY FRANCIS,Assistant Professor,"Saintgits College of Engineering, Pathamuttom","Saintgits College of Engineering, Pathamuttom",SUCCESS LIES BEYOND APTITUDE,Kottayam,Q050
Ms. TREESA JOESY JOSEPH,Assistant Professor,"Saintgits College of Engineering, Pathamuttom","Saintgits College of Engineering, Pathamuttom",SUCCESS LIES BEYOND APTITUDE,Kottayam,Q051
Mr. K. PHILIP THOMAS,Professor,"Saintgits College of Engineering, Pathamuttom","Saintgits College of Engineering, Pathamuttom",SUCCESS LIES BEYOND APTITUDE,Kottayam,Q052
Mr. NIDISH NATARAJAN,General Manager(Elx \\& Telecom)-Retired,"Saintgits College of Engineering, Pathamuttom","Saintgits College of Engineering, Pathamuttom",SUCCESS LIES BEYOND APTITUDE,Kottayam,Q053
Ms. LIYA JOSEPH,Assistant Professor,"Saintgits College of Engineering, Pathamuttom","Saintgits College of Engineering, Pathamuttom",SUCCESS LIES BEYOND APTITUDE,Kottayam,Q054
Ms. SANDRA S,Assistant Professor,"Saintgits College of Engineering, Pathamuttom","Saintgits College of Engineering, Pathamuttom",SUCCESS LIES BEYOND APTITUDE,Kottayam,Q055
Ms. RACHEL VARGHESE,Senior Engineer,"Saintgits College of Engineering, Pathamuttom","Saintgits College of Engineering, Pathamuttom",SUCCESS LIES BEYOND APTITUDE,Kottayam,Q056
Ms. SANDRA ANTONY,Student,"Saintgits College of Engineering, Pathamuttom","Saintgits College of Engineering, Pathamuttom",SUCCESS LIES BEYOND APTITUDE,Kottayam,Q057
Ms. SINDRELLA JACOB ,Research Scholar,"Saintgits College of Engineering, Pathamuttom","Saintgits College of Engineering, Pathamuttom",SUCCESS LIES BEYOND APTITUDE,Kottayam,Q058
Mr. NOYAL JOICE,Assistant Professor,"Saintgits College of Engineering, Pathamuttom","Saintgits College of Engineering, Pathamuttom",SUCCESS LIES BEYOND APTITUDE,Kottayam,Q059
Ms. MEEKHA ANN KURIAN,Assistant Professor,"Saintgits College of Engineering, Pathamuttom","Saintgits College of Engineering, Pathamuttom",SUCCESS LIES BEYOND APTITUDE,Kottayam,Q060
Ms. TELMA G PUTHENPURA,Assistant Professor,"Saintgits College of Engineering, Pathamuttom","Saintgits College of Engineering, Pathamuttom",SUCCESS LIES BEYOND APTITUDE,Kottayam,Q061
Ms. AKHILA SURENDRAN,Assistant Professor,"Saintgits College of Engineering, Pathamuttom","Saintgits College of Engineering, Pathamuttom",SUCCESS LIES BEYOND APTITUDE,Kottayam,Q062
Ms. NIRANJANA S,Assistant Professor,"Saintgits College of Engineering, Pathamuttom","Saintgits College of Engineering, Pathamuttom",SUCCESS LIES BEYOND APTITUDE,Kottayam,Q063
Mr. PAUL CHACKO,Assistant Professor,"Saintgits College of Engineering, Pathamuttom","Saintgits College of Engineering, Pathamuttom",SUCCESS LIES BEYOND APTITUDE,Kottayam,Q064
Mr. ALLEN RAJU,Research Scholar,"Saintgits College of Engineering, Pathamuttom","Saintgits College of Engineering, Pathamuttom",SUCCESS LIES BEYOND APTITUDE,Kottayam,Q065
Ms. GANGA V R,Assistant Professor and Head of the Department,"Saintgits College of Engineering, Pathamuttom","Saintgits College of Engineering, Pathamuttom",SUCCESS LIES BEYOND APTITUDE,Kottayam,Q066
Ms. SHIFA IBRAHIM,PG Student,"Saintgits College of Engineering, Pathamuttom","Saintgits College of Engineering, Pathamuttom",SUCCESS LIES BEYOND APTITUDE,Kottayam,Q067
Ms. FATHIMA NIZWA V S,Assistant Professor,"Saintgits College of Engineering, Pathamuttom","Saintgits College of Engineering, Pathamuttom",SUCCESS LIES BEYOND APTITUDE,Kottayam,Q068
Mr. GOKUL GOPAN,UG Student,"Saintgits College of Engineering, Pathamuttom","Saintgits College of Engineering, Pathamuttom",SUCCESS LIES BEYOND APTITUDE,Kottayam,Q069
Ms. DEVIKA RAJ,Assistant Professor,"Saintgits College of Engineering, Pathamuttom","Saintgits College of Engineering, Pathamuttom",SUCCESS LIES BEYOND APTITUDE,Kottayam,Q070
Ms. SHINI S POMSON,Assistant Professor,"Saintgits College of Engineering, Pathamuttom","Saintgits College of Engineering, Pathamuttom",SUCCESS LIES BEYOND APTITUDE,Kottayam,Q071
Mr. YEDU KRISHNAN T Y,Assistant Professor,"Saintgits College of Engineering, Pathamuttom","Saintgits College of Engineering, Pathamuttom",SUCCESS LIES BEYOND APTITUDE,Kottayam,Q072
Ms. PARVATHY KRISHNAN R,Assistant Professor (Senior),"Saintgits College of Engineering, Pathamuttom","Saintgits College of Engineering, Pathamuttom",SUCCESS LIES BEYOND APTITUDE,Kottayam,Q073
Ms. ASHITTA MARIAM MATHEW,PG Student,"Saintgits College of Engineering, Pathamuttom","Saintgits College of Engineering, Pathamuttom",SUCCESS LIES BEYOND APTITUDE,Kottayam,Q074
Ms. SANDHYA P M,Assistant Professor,"Saintgits College of Engineering, Pathamuttom","Saintgits College of Engineering, Pathamuttom",SUCCESS LIES BEYOND APTITUDE,Kottayam,Q075
Mr. ASAD T PRASAD,Assistant Professor,"Saintgits College of Engineering, Pathamuttom","Saintgits College of Engineering, Pathamuttom",SUCCESS LIES BEYOND APTITUDE,Kottayam,Q076
Mr. LISON SABU,Assistant Professor,"Saintgits College of Engineering, Pathamuttom","Saintgits College of Engineering, Pathamuttom",SUCCESS LIES BEYOND APTITUDE,Kottayam,Q077
Mr. NEERAJ BINU NATH,Assistant Professor,"Saintgits College of Engineering, Pathamuttom","Saintgits College of Engineering, Pathamuttom",SUCCESS LIES BEYOND APTITUDE,Kottayam,Q078
Ms SARANGI TL,PG Student,"Saintgits College of Engineering, Pathamuttom","Saintgits College of Engineering, Pathamuttom",SUCCESS LIES BEYOND APTITUDE,Kottayam,Q079
Ms. NISANTH MANOJ,Assistant Professor,"Saintgits College of Engineering, Pathamuttom","Saintgits College of Engineering, Pathamuttom",SUCCESS LIES BEYOND APTITUDE,Kottayam,Q080
Ms. SWETHA K J,Assistant Professor,"Saintgits College of Engineering, Pathamuttom","Saintgits College of Engineering, Pathamuttom",SUCCESS LIES BEYOND APTITUDE,Kottayam,Q081
Ms. GIFTY ELEZABETH ROY,Assistant Professor,"Saintgits College of Engineering, Pathamuttom","Saintgits College of Engineering, Pathamuttom",SUCCESS LIES BEYOND APTITUDE,Kottayam,Q082
Ms. ANJALI MATHEW,Assistant Professor,"Saintgits College of Engineering, Pathamuttom","Saintgits College of Engineering, Pathamuttom",SUCCESS LIES BEYOND APTITUDE,Kottayam,Q083
Ms. APARNA K PRADEEP,Assistant Professor,"Saintgits College of Engineering, Pathamuttom","Saintgits College of Engineering, Pathamuttom",SUCCESS LIES BEYOND APTITUDE,Kottayam,Q084
Ms. ANEENA MARIN SONY,Associate Professor ,"Saintgits College of Engineering, Pathamuttom","Saintgits College of Engineering, Pathamuttom",SUCCESS LIES BEYOND APTITUDE,Kottayam,Q085
Ms. LAVANYAPRAKASH,Assistant Professor,"Saintgits College of Engineering, Pathamuttom","Saintgits College of Engineering, Pathamuttom",SUCCESS LIES BEYOND APTITUDE,Kottayam,Q086
Mr. ABRAHAM MARTIN ,Assistant Professor (Senior),"Saintgits College of Engineering, Pathamuttom","Saintgits College of Engineering, Pathamuttom",SUCCESS LIES BEYOND APTITUDE,Kottayam,Q087
Ms. LEKSHMI. A,Assistant Professor,"Saintgits College of Engineering, Pathamuttom","Saintgits College of Engineering, Pathamuttom",SUCCESS LIES BEYOND APTITUDE,Kottayam,Q088
Mr. TONY K CHACKOCHAN,PG Student,"Saintgits College of Engineering, Pathamuttom","Saintgits College of Engineering, Pathamuttom",SUCCESS LIES BEYOND APTITUDE,Kottayam,Q089
Mr. JEFRIN ADIMAKKEEL JOHNSON,Assistant Professor,"Saintgits College of Engineering, Pathamuttom","Saintgits College of Engineering, Pathamuttom",SUCCESS LIES BEYOND APTITUDE,Kottayam,Q090
Ms. KRISHNANAYANA S,Assistant Professor,"Saintgits College of Engineering, Pathamuttom","Saintgits College of Engineering, Pathamuttom",SUCCESS LIES BEYOND APTITUDE,Kottayam,Q091
Mr. RAAHAF SHERIF,Assistant Professor,"Saintgits College of Engineering, Pathamuttom","Saintgits College of Engineering, Pathamuttom",SUCCESS LIES BEYOND APTITUDE,Kottayam,Q092
Ms. SREE LAKSHMI K,Assistant Professor,"Saintgits College of Engineering, Pathamuttom","Saintgits College of Engineering, Pathamuttom",SUCCESS LIES BEYOND APTITUDE,Kottayam,Q093
Ms. ALEENA TREESA JOSEPH,Research Scholar ,"Saintgits College of Engineering, Pathamuttom","Saintgits College of Engineering, Pathamuttom",SUCCESS LIES BEYOND APTITUDE,Kottayam,Q094
Ms. ALEENA MARIYAM JACOB,Assistant Professor,"Saintgits College of Engineering, Pathamuttom","Saintgits College of Engineering, Pathamuttom",SUCCESS LIES BEYOND APTITUDE,Kottayam,Q095
Ms. SREELAKSHMI SURESH,Assistant Professor,"Saintgits College of Engineering, Pathamuttom","Saintgits College of Engineering, Pathamuttom",SUCCESS LIES BEYOND APTITUDE,Kottayam,Q096
Ms. JOSNA JOSE,Assistant Professor,"Saintgits College of Engineering, Pathamuttom","Saintgits College of Engineering, Pathamuttom",SUCCESS LIES BEYOND APTITUDE,Kottayam,Q097
Mr. ITTOOP R ANCHERIL,Assistant Professor,"Saintgits College of Engineering, Pathamuttom","Saintgits College of Engineering, Pathamuttom",SUCCESS LIES BEYOND APTITUDE,Kottayam,Q098
Ms. AFIA.S.HAMEED,Assistant Professor,"Saintgits College of Engineering, Pathamuttom","Saintgits College of Engineering, Pathamuttom",SUCCESS LIES BEYOND APTITUDE,Kottayam,Q099
Ms. SANIYA SAJAN,Associate Professor ,"Saintgits College of Engineering, Pathamuttom","Saintgits College of Engineering, Pathamuttom",SUCCESS LIES BEYOND APTITUDE,Kottayam,Q100
Mr. EDWIN XAVIER,Assistant Professor,"Saintgits College of Engineering, Pathamuttom","Saintgits College of Engineering, Pathamuttom",SUCCESS LIES BEYOND APTITUDE,Kottayam,Q101
Ms. MEENAKSHI SUDHISH,Assistant Professor,"Saintgits College of Engineering, Pathamuttom","Saintgits College of Engineering, Pathamuttom",SUCCESS LIES BEYOND APTITUDE,Kottayam,Q102
Ms. RISVANA-S,Assistant Professor,"Saintgits College of Engineering, Pathamuttom","Saintgits College of Engineering, Pathamuttom",SUCCESS LIES BEYOND APTITUDE,Kottayam,Q103
Mr. MELVIN ELIAS MATHEW,Associate Professor ,"Saintgits College of Engineering, Pathamuttom","Saintgits College of Engineering, Pathamuttom",SUCCESS LIES BEYOND APTITUDE,Kottayam,Q104
Ms. APARNA MANOJ,Research Scholar ,"Saintgits College of Engineering, Pathamuttom","Saintgits College of Engineering, Pathamuttom",SUCCESS LIES BEYOND APTITUDE,Kottayam,Q105
Ms. CERIN SUNNY,Associate Professor ,"Saintgits College of Engineering, Pathamuttom","Saintgits College of Engineering, Pathamuttom",SUCCESS LIES BEYOND APTITUDE,Kottayam,Q106
Ms. AQUIN ANTO,Assistant Professor,"Saintgits College of Engineering, Pathamuttom","Saintgits College of Engineering, Pathamuttom",SUCCESS LIES BEYOND APTITUDE,Kottayam,Q107
Mr. ABEL VARGHESE JACOB,Student,"Saintgits College of Engineering, Pathamuttom","Saintgits College of Engineering, Pathamuttom",SUCCESS LIES BEYOND APTITUDE,Kottayam,Q108
Mr. SURYAJITH R,Associate Professor ,"Saintgits College of Engineering, Pathamuttom","Saintgits College of Engineering, Pathamuttom",SUCCESS LIES BEYOND APTITUDE,Kottayam,Q109
Ms. NEKHA VINOD,Associate Professor ,"Saintgits College of Engineering, Pathamuttom","Saintgits College of Engineering, Pathamuttom",SUCCESS LIES BEYOND APTITUDE,Kottayam,Q110
Ms. ANJANA SANTHOSH,UG Student,"Saintgits College of Engineering, Pathamuttom","Saintgits College of Engineering, Pathamuttom",SUCCESS LIES BEYOND APTITUDE,Kottayam,Q111
Ms. GANGA PRADEEP,Assistant Professor,"Saintgits College of Engineering, Pathamuttom","Saintgits College of Engineering, Pathamuttom",SUCCESS LIES BEYOND APTITUDE,Kottayam,Q112
Ms. SREE LEKSHMI V S ,Assistant Professor,"Saintgits College of Engineering, Pathamuttom","Saintgits College of Engineering, Pathamuttom",SUCCESS LIES BEYOND APTITUDE,Kottayam,Q113
Ms. SREE PARVATHY V S ,Professor,"Saintgits College of Engineering, Pathamuttom","Saintgits College of Engineering, Pathamuttom",SUCCESS LIES BEYOND APTITUDE,Kottayam,Q114
Mr. TINU J PALATHRA,Professor,"Saintgits College of Engineering, Pathamuttom","Saintgits College of Engineering, Pathamuttom",SUCCESS LIES BEYOND APTITUDE,Kottayam,Q115
Mr. KEVIN K THOMAS,Associate Professor ,"Saintgits College of Engineering, Pathamuttom","Saintgits College of Engineering, Pathamuttom",SUCCESS LIES BEYOND APTITUDE,Kottayam,Q116
Mr. KRISHNARAJ SANKAR,Associate Professor ,"Saintgits College of Engineering, Pathamuttom","Saintgits College of Engineering, Pathamuttom",SUCCESS LIES BEYOND APTITUDE,Kottayam,Q117
Mr. HABBY PHILIP MATHEW,Associate Professor ,"Saintgits College of Engineering, Pathamuttom","Saintgits College of Engineering, Pathamuttom",SUCCESS LIES BEYOND APTITUDE,Kottayam,Q118
Mr. HARIKRISHNAN K R,Assistant Professor,"Saintgits College of Engineering, Pathamuttom","Saintgits College of Engineering, Pathamuttom",SUCCESS LIES BEYOND APTITUDE,Kottayam,Q119
Ms. MANJUSHA K,Assistant Professor,"Saintgits College of Engineering, Pathamuttom","Saintgits College of Engineering, Pathamuttom",SUCCESS LIES BEYOND APTITUDE,Kottayam,Q120
Mr. ARUN G SANKAR,Associate Professor ,"Saintgits College of Engineering, Pathamuttom","Saintgits College of Engineering, Pathamuttom",SUCCESS LIES BEYOND APTITUDE,Kottayam,Q121
Ms. NIKHITHA S PREM,Research scholar,"Saintgits College of Engineering, Pathamuttom","Saintgits College of Engineering, Pathamuttom",SUCCESS LIES BEYOND APTITUDE,Kottayam,Q122
Ms. ANAGHA ANNE SABU,Assistant Professor,"Saintgits College of Engineering, Pathamuttom","Saintgits College of Engineering, Pathamuttom",SUCCESS LIES BEYOND APTITUDE,Kottayam,Q123
Ms. ARYA R NAIR,Assistant Professor,"Saintgits College of Engineering, Pathamuttom","Saintgits College of Engineering, Pathamuttom",SUCCESS LIES BEYOND APTITUDE,Kottayam,Q124
Mr. ARAVIND K P,Assistant Professor,"Saintgits College of Engineering, Pathamuttom","Saintgits College of Engineering, Pathamuttom",SUCCESS LIES BEYOND APTITUDE,Kottayam,Q125
Ms. NEERAJA J,Assistant Professor,"Saintgits College of Engineering, Pathamuttom","Saintgits College of Engineering, Pathamuttom",SUCCESS LIES BEYOND APTITUDE,Kottayam,Q126
Ms. LYDIA SOLOMON,Assistant Professor,"Saintgits College of Engineering, Pathamuttom","Saintgits College of Engineering, Pathamuttom",SUCCESS LIES BEYOND APTITUDE,Kottayam,Q127
Ms. DEVIKA MADHU,PG Student,"Saintgits College of Engineering, Pathamuttom","Saintgits College of Engineering, Pathamuttom",SUCCESS LIES BEYOND APTITUDE,Kottayam,Q128
Ms. FATHIMA SHIMNA K V,Assistant Professor,"Saintgits College of Engineering, Pathamuttom","Saintgits College of Engineering, Pathamuttom",SUCCESS LIES BEYOND APTITUDE,Kottayam,Q129
Ms. S S SAUMYA,Assistant Professor,"Saintgits College of Engineering, Pathamuttom","Saintgits College of Engineering, Pathamuttom",SUCCESS LIES BEYOND APTITUDE,Kottayam,Q130
Ms. GOWRI ANIL KUMAR,Associate Professor ,"Saintgits College of Engineering, Pathamuttom","Saintgits College of Engineering, Pathamuttom",SUCCESS LIES BEYOND APTITUDE,Kottayam,Q131
Mr. LIGIN THOMAS,Assistant Professor,"Saintgits College of Engineering, Pathamuttom","Saintgits College of Engineering, Pathamuttom",SUCCESS LIES BEYOND APTITUDE,Kottayam,Q132
Ms. SHEBA MATHEW,Assistant Professor,"Saintgits College of Engineering, Pathamuttom","Saintgits College of Engineering, Pathamuttom",SUCCESS LIES BEYOND APTITUDE,Kottayam,Q133
Ms. ANET JOSE,Associate Professor ,"Saintgits College of Engineering, Pathamuttom","Saintgits College of Engineering, Pathamuttom",SUCCESS LIES BEYOND APTITUDE,Kottayam,Q134
Ms. ROSEMARY DEVASIA,Doctoral scholar,"Saintgits College of Engineering, Pathamuttom","Saintgits College of Engineering, Pathamuttom",SUCCESS LIES BEYOND APTITUDE,Kottayam,Q135
Mr. REMIN JACOB PHILIP,Assistant Professor,"Saintgits College of Engineering, Pathamuttom","Saintgits College of Engineering, Pathamuttom",SUCCESS LIES BEYOND APTITUDE,Kottayam,Q136
Ms. SILLA ANNA SHIBU ,Associate Professor ,"Saintgits College of Engineering, Pathamuttom","Saintgits College of Engineering, Pathamuttom",SUCCESS LIES BEYOND APTITUDE,Kottayam,Q137
Ms. SOUMYA MATHEW,PG Student,"Saintgits College of Engineering, Pathamuttom","Saintgits College of Engineering, Pathamuttom",SUCCESS LIES BEYOND APTITUDE,Kottayam,Q138
Mr. SUHAIL S,Associate Professor ,"Saintgits College of Engineering, Pathamuttom","Saintgits College of Engineering, Pathamuttom",SUCCESS LIES BEYOND APTITUDE,Kottayam,Q139
Mr. JOEL K JAMES,Assistant Professor,"Saintgits College of Engineering, Pathamuttom","Saintgits College of Engineering, Pathamuttom",SUCCESS LIES BEYOND APTITUDE,Kottayam,Q140
Dr. SUSAN ROSE,Professor,"Saintgits College of Engineering, Pathamuttom","Saintgits College of Engineering, Pathamuttom",SUCCESS LIES BEYOND APTITUDE,Kottayam,Q141
Ms. MERLIN BENEDICT,Professor,"Saintgits College of Engineering, Pathamuttom","Saintgits College of Engineering, Pathamuttom",SUCCESS LIES BEYOND APTITUDE,Kottayam,Q142
Ms. CERIN BABU,Professor,"Saintgits College of Engineering, Pathamuttom","Saintgits College of Engineering, Pathamuttom",SUCCESS LIES BEYOND APTITUDE,Kottayam,Q143
Ms. CRISTEENA YESUDASAN,Professor,"Saintgits College of Engineering, Pathamuttom","Saintgits College of Engineering, Pathamuttom",SUCCESS LIES BEYOND APTITUDE,Kottayam,Q144
Ms. SONA SUSAN VINOD,Professor,"Saintgits College of Engineering, Pathamuttom","Saintgits College of Engineering, Pathamuttom",SUCCESS LIES BEYOND APTITUDE,Kottayam,Q145
Ms. DEVI SANDRA,Professor,"Saintgits College of Engineering, Pathamuttom","Saintgits College of Engineering, Pathamuttom",SUCCESS LIES BEYOND APTITUDE,Kottayam,Q146
Ms. SHIYANA HUSSAIN,Professor,"Saintgits College of Engineering, Pathamuttom","Saintgits College of Engineering, Pathamuttom",SUCCESS LIES BEYOND APTITUDE,Kottayam,Q147
Mr. JESWIN ABRAHAM MATHEW,Professor,"Saintgits College of Engineering, Pathamuttom","Saintgits College of Engineering, Pathamuttom",SUCCESS LIES BEYOND APTITUDE,Kottayam,Q148
Mr. BIBIN THOMAS,Professor,"Saintgits College of Engineering, Pathamuttom","Saintgits College of Engineering, Pathamuttom",SUCCESS LIES BEYOND APTITUDE,Kottayam,Q149
