Name,Designation,Institution,Dept,Event,Place,ID
Eldho Abraham,Assistant Professor,SAINTGITS College of Engineering ,Chemical Engineering,"NANOFLUIDICS: THEORY, EXPERIMENTATION, COMPUTATION AND APPLICATIONS",Kottayam,Q1
Nisha Joseph,Assistant Professor,SAINTGITS College of Engineering  ,Computer Science \\& Engineering,NANOFLUIDICS: THEORY\, EXPERIMENTATION\, COMPUTATION AND APPLICATIONS, Kottayam,Q2
Gokulnath G,Assistant Professor,SAINTGITS College of Engineering  ,Computer Science \\& Engineering,"NANOFLUIDICS: THEORY, EXPERIMENTATION, COMPUTATION AND APPLICATIONS", Kottayam,Q3
ANCY SARA VARGHESE,Assistant Professor,SAINTGITS College of Engineering  ,Electrical \\& Electronics Engineering,"NANOFLUIDICS: THEORY, EXPERIMENTATION, COMPUTATION AND APPLICATIONS",Kottayam,Q4
DIVYA MOHAN,Assistant Professor,SAINTGITS College of Engineering  ,Computer Science \\& Engineering,"NANOFLUIDICS: THEORY, EXPERIMENTATION, COMPUTATION AND APPLICATIONS",Kottayam,Q5
SANIA THOMAS,Assistant Professor,SAINTGITS College of Engineering  ,Computer Science\\&  Engineering,"NANOFLUIDICS: THEORY, EXPERIMENTATION, COMPUTATION AND APPLICATIONS",Kottayam,Q6
Amalu Philip,Assistant Professor,SAINTGITS College of Engineering  ,Electrical \\& Electronics Engineering,"NANOFLUIDICS: THEORY, EXPERIMENTATION, COMPUTATION AND APPLICATIONS",Kottayam,Q7
Anish M George,Assistant Professor, SAINTGITS College of Engineering  ,Electronics\\& Communication Engineering,"NANOFLUIDICS: THEORY, EXPERIMENTATION, COMPUTATION AND APPLICATIONS",Kottayam,Q8
SRUTHI RAJAN,Assistant Professor,SAINTGITS College of Engineering  ,Food Technology,"NANOFLUIDICS: THEORY, EXPERIMENTATION, COMPUTATION AND APPLICATIONS",Kottayam,Q9
 Susan Rose,Assistant Professor,SAINTGITS College of Engineering  ,Civil Engineering,"NANOFLUIDICS: THEORY, EXPERIMENTATION, COMPUTATION AND APPLICATIONS",Kottayam,Q10
MINU ANTONY,Assistant Professor,SAINTGITS College of Engineering  ,Civil Engineering,"NANOFLUIDICS: THEORY, EXPERIMENTATION, COMPUTATION AND APPLICATIONS",Kottayam,Q11
Sreekala K. S,Assistant Professor,SAINTGITS College of Engineering  ,Electronics \\& Communication Engineering,"NANOFLUIDICS: THEORY, EXPERIMENTATION, COMPUTATION AND APPLICATIONS",Kottayam,Q12
HASHIFA HASSAN P,Assistant Professor,SAINTGITS College of Engineering  ,Civil Engineering,"NANOFLUIDICS: THEORY, EXPERIMENTATION, COMPUTATION AND APPLICATIONS",Kottayam,Q13
Maheswary Sreenath,Assistant Professor,SAINTGITS College of Engineering  ,Electronics \\& Communication Engineering,"NANOFLUIDICS: THEORY, EXPERIMENTATION, COMPUTATION AND APPLICATIONS",Kottayam,Q14
Reenu Elizabeth John,Assistant Professor,SAINTGITS College of Engineering,Physics,"NANOFLUIDICS: THEORY, EXPERIMENTATION, COMPUTATION AND APPLICATIONS",Kottayam,Q15
ANUSREE P G,Assistant Professor,SAINTGITS College of Engineering  ,Physics,"NANOFLUIDICS: THEORY, EXPERIMENTATION, COMPUTATION AND APPLICATIONS",Kottayam,Q16
Siju N. Antony,Assistant Professor,SAINTGITS College of Engineering  ,Chemistry,"NANOFLUIDICS: THEORY, EXPERIMENTATION, COMPUTATION AND APPLICATIONS",Kottayam,Q17
M Gayathri Devi,Assistant Professor,SAINTGITS College of Engineering  ,Civil Engineering,"NANOFLUIDICS: THEORY, EXPERIMENTATION, COMPUTATION AND APPLICATIONS",Kottayam,Q18
MENNY M N,Assistant Professor,SAINTGITS College of Engineering  ,Mathematics,"NANOFLUIDICS: THEORY, EXPERIMENTATION, COMPUTATION AND APPLICATIONS",Kottayam,Q19
Joicy Abraham,Assistant Professor,SAINTGITS College of Engineering  ,Physics,"NANOFLUIDICS: THEORY, EXPERIMENTATION, COMPUTATION AND APPLICATIONS",Kottayam,Q20
Anitha Joseph,Assistant Professor,SAINTGITS College of Engineering  ,Civil Engineering,"NANOFLUIDICS: THEORY, EXPERIMENTATION, COMPUTATION AND APPLICATIONS",Kottayam,Q21
Cherian C.K,Assistant Professor,SAINTGITS College of Engineering  ,Civil Engineering,"NANOFLUIDICS: THEORY, EXPERIMENTATION, COMPUTATION AND APPLICATIONS",Kottayam,Q22
Pinky Merin Philip,Assistant Professor,SAINTGITS College of Engineering  ,Civil Engineering,"NANOFLUIDICS: THEORY, EXPERIMENTATION, COMPUTATION AND APPLICATIONS",Kottayam,Q23
Anitha Joseph,Assistant Professor,SAINTGITS College of Engineering  ,Civil Engineering,"NANOFLUIDICS: THEORY, EXPERIMENTATION, COMPUTATION AND APPLICATIONS",Kottayam,Q24
Bobby Paul,Assistant Professor,SAINTGITS College of Engineering  ,Civil Engineering,"NANOFLUIDICS: THEORY, EXPERIMENTATION, COMPUTATION AND APPLICATIONS",Kottayam,Q25
Elsa Cherian,Assistant Professor,SAINTGITS College of Engineering  ,Food Technology,"NANOFLUIDICS: THEORY, EXPERIMENTATION, COMPUTATION AND APPLICATIONS",Kottayam,Q26
Shyla Joseph A,Assistant Professor,SAINTGITS College of Engineering  ,Civil Engineering,"NANOFLUIDICS: THEORY, EXPERIMENTATION, COMPUTATION AND APPLICATIONS",Kottayam,Q27
Amith Aravind,Assistant Professor,SAINTGITS College of Engineering  ,Mechanical Engineering,"NANOFLUIDICS: THEORY, EXPERIMENTATION, COMPUTATION AND APPLICATIONS",Kottayam,Q28
