Name,Designation,Institution,Dept,Event,Place,ID
Dr. Cherian Paul ,Associate Professor ,"Saintgits College of Engineering, Pathamuttom","Saintgits College of Engineering, Pathamuttom","NANOFLUIDICS: THEORY, EXPERIMENTATION, COMPUTATION AND APPLICATIONS",Kottayam,Q001
Mr. SAILESH K S,Assistant Professor,"Saintgits College of Engineering, Pathamuttom","Saintgits College of Engineering, Pathamuttom","NANOFLUIDICS: THEORY, EXPERIMENTATION, COMPUTATION AND APPLICATIONS",Kottayam,Q002
Dr. N Kapilan,Professor,Nitte Meenakshi Institute of Technology,Nitte Meenakshi Institute of Technology,"NANOFLUIDICS: THEORY, EXPERIMENTATION, COMPUTATION AND APPLICATIONS", Kottayam,Q003
Dr. Sanukrishna SS,Assistant Professor,Sree Chitra Thirunal College of Engineering,Sree Chitra Thirunal College of Engineering,"NANOFLUIDICS: THEORY, EXPERIMENTATION, COMPUTATION AND APPLICATIONS",Kottayam,Q004
Mr. Jagannath Pattar,Assistant Professor,Madanapalle Institute of Technology and Science Andra pradesh,Madanapalle Institute of Technology and Science Andra pradesh,"NANOFLUIDICS: THEORY, EXPERIMENTATION, COMPUTATION AND APPLICATIONS",Kottayam,Q005
Dr. Deepak G Dilip,Assistant Professor,Mar Baselios College of Engineering and Technology,Mar Baselios College of Engineering and Technology,"NANOFLUIDICS: THEORY, EXPERIMENTATION, COMPUTATION AND APPLICATIONS",Kottayam,Q006
Mr. Pravesh R,Research Scholar,SRM Institute of Science and Technology,SRM Institute of Science and Technology,"NANOFLUIDICS: THEORY, EXPERIMENTATION, COMPUTATION AND APPLICATIONS",Kottayam,Q007
Mr. Pravesh R,Research Scholar,SRM Institute of Science and Technology,SRM Institute of Science and Technology,"NANOFLUIDICS: THEORY, EXPERIMENTATION, COMPUTATION AND APPLICATIONS",Kottayam,Q008
Mr. ANIL KUMAR G,Associate Professor ,"Saintgits College of Engineering, Pathamuttom","Saintgits College of Engineering, Pathamuttom","NANOFLUIDICS: THEORY, EXPERIMENTATION, COMPUTATION AND APPLICATIONS",Kottayam,Q009
Dr. R.Kamatchi,Associate Professor,"VIT, Vellore","VIT, Vellore","NANOFLUIDICS: THEORY, EXPERIMENTATION, COMPUTATION AND APPLICATIONS",Kottayam,Q010
Dr. Manu Remanan,Assistant Professor (Senior),"Saintgits College of Engineering, Pathamuttom","Saintgits College of Engineering, Pathamuttom","NANOFLUIDICS: THEORY, EXPERIMENTATION, COMPUTATION AND APPLICATIONS",Kottayam,Q011
Mr. ABHINAVA CHATTERJEE,Ph.D Research Scholar,Indian Institute of Technology Delhi,Indian Institute of Technology Delhi,"NANOFLUIDICS: THEORY, EXPERIMENTATION, COMPUTATION AND APPLICATIONS",Kottayam,Q012
Mr. Abdul Latheef PV,Assistant Professor,comtechs,comtechs,"NANOFLUIDICS: THEORY, EXPERIMENTATION, COMPUTATION AND APPLICATIONS",Kottayam,Q013
Mr. GOVIND MURARI,Research Scholar,MNNIT ALLAHABAD,MNNIT ALLAHABAD,"NANOFLUIDICS: THEORY, EXPERIMENTATION, COMPUTATION AND APPLICATIONS",Kottayam,Q014
Mr. Nevin Nelson,Assistant Professor,Bishop Jerome Institute,Bishop Jerome Institute,"NANOFLUIDICS: THEORY, EXPERIMENTATION, COMPUTATION AND APPLICATIONS",Kottayam,Q015
Mr. BIBIN VARKEY,Assistant Professor,"Saintgits College of Engineering, Pathamuttom","Saintgits College of Engineering, Pathamuttom","NANOFLUIDICS: THEORY, EXPERIMENTATION, COMPUTATION AND APPLICATIONS",Kottayam,Q016
Mr. STEFFAN MATHEW CHERIAN,PG Student,"Saintgits College of Engineering, Pathamuttom","Saintgits College of Engineering, Pathamuttom","NANOFLUIDICS: THEORY, EXPERIMENTATION, COMPUTATION AND APPLICATIONS",Kottayam,Q017
Mr. Joji John,PG Student,"Saintgits College of Engineering, Pathamuttom","Saintgits College of Engineering, Pathamuttom","NANOFLUIDICS: THEORY, EXPERIMENTATION, COMPUTATION AND APPLICATIONS",Kottayam,Q018
Dr. Reenu Elizabeth John,Assistant Professor,"Saintgits College of Engineering, Pathamuttom","Saintgits College of Engineering, Pathamuttom","NANOFLUIDICS: THEORY, EXPERIMENTATION, COMPUTATION AND APPLICATIONS",Kottayam,Q019
Prof. Rajendra Raosaheb Kharde ,Professor,"Pravara Rural Engg College, LONI ","Pravara Rural Engg College, LONI ","NANOFLUIDICS: THEORY, EXPERIMENTATION, COMPUTATION AND APPLICATIONS",Kottayam,Q020
Dr. Suresh Babu M,Assistant Professor,"Saintgits College of Engineering, Pathamuttom","Saintgits College of Engineering, Pathamuttom","NANOFLUIDICS: THEORY, EXPERIMENTATION, COMPUTATION AND APPLICATIONS",Kottayam,Q021
Mr. S Pragadeshwaran,UG Student,Erode Sengunthar Engineering College,Erode Sengunthar Engineering College,"NANOFLUIDICS: THEORY, EXPERIMENTATION, COMPUTATION AND APPLICATIONS",Kottayam,Q022
Mr. CHAPPELI SAI KIRAN ,Assistant Professor,CVR COLLEGE OF ENGINEERING ,CVR COLLEGE OF ENGINEERING ,"NANOFLUIDICS: THEORY, EXPERIMENTATION, COMPUTATION AND APPLICATIONS",Kottayam,Q023
Mr. S. DEVARAJ,Assistant Professor,kamaraj college of Engineering and Technology,kamaraj college of Engineering and Technology,"NANOFLUIDICS: THEORY, EXPERIMENTATION, COMPUTATION AND APPLICATIONS",Kottayam,Q024
Dr. Jibin T Philip,Assistant Professor,"Amal Jyothi College of Engineering, Kanjirappally, Kerala, India","Amal Jyothi College of Engineering, Kanjirappally, Kerala, India","NANOFLUIDICS: THEORY, EXPERIMENTATION, COMPUTATION AND APPLICATIONS",Kottayam,Q025
Mr. Rittin Abraham Kurien,Assistant Professor,"Saintgits College of Engineering, Pathamuttom","Saintgits College of Engineering, Pathamuttom","NANOFLUIDICS: THEORY, EXPERIMENTATION, COMPUTATION AND APPLICATIONS",Kottayam,Q026
Dr. Prasanta Kumar Padhi,General Manager,"Rourkela Steel Plant, M/s Steel Authority of India Limited","Rourkela Steel Plant, M/s Steel Authority of India Limited","NANOFLUIDICS: THEORY, EXPERIMENTATION, COMPUTATION AND APPLICATIONS",Kottayam,Q027
Dr. Jayashree  Nayak ,Assistant Professor,"Indira Gandhi Institute of Technology,Sarang ","Indira Gandhi Institute of Technology,Sarang ","NANOFLUIDICS: THEORY, EXPERIMENTATION, COMPUTATION AND APPLICATIONS",Kottayam,Q028
Dr. PRAJINA O K,Assistant Professor,"Saintgits College of Engineering, Pathamuttom","Saintgits College of Engineering, Pathamuttom","NANOFLUIDICS: THEORY, EXPERIMENTATION, COMPUTATION AND APPLICATIONS",Kottayam,Q029
Mr. Homender Kumar,Research Scholar,"IIT (BHU), Varanasi","IIT (BHU), Varanasi","NANOFLUIDICS: THEORY, EXPERIMENTATION, COMPUTATION AND APPLICATIONS",Kottayam,Q030
Mr. JONNALA SUBBA REDDY,Associate Professor ,"Lakireddy Bali Reddy College of Engineering, Mylavaram","Lakireddy Bali Reddy College of Engineering, Mylavaram","NANOFLUIDICS: THEORY, EXPERIMENTATION, COMPUTATION AND APPLICATIONS",Kottayam,Q031
Dr. V vasu,Associate Professor ,NIT  Warangal ,NIT  Warangal ,"NANOFLUIDICS: THEORY, EXPERIMENTATION, COMPUTATION AND APPLICATIONS",Kottayam,Q032
Dr. YVV SATYANARAYANA MURTHY,Associate Professor ,Indian Maritime University,Indian Maritime University,"NANOFLUIDICS: THEORY, EXPERIMENTATION, COMPUTATION AND APPLICATIONS",Kottayam,Q033
Mr. SREEKUMAR C,Assistant Professor,"Saintgits College of Engineering, Pathamuttom","Saintgits College of Engineering, Pathamuttom","NANOFLUIDICS: THEORY, EXPERIMENTATION, COMPUTATION AND APPLICATIONS",Kottayam,Q034
Mr. Aju Jo Sankarathil ,Assistant Professor,"Saintgits College of Engineering, Pathamuttom","Saintgits College of Engineering, Pathamuttom","NANOFLUIDICS: THEORY, EXPERIMENTATION, COMPUTATION AND APPLICATIONS",Kottayam,Q035
Mr. PANDI JYOTHISH,Research Scholar,NIT WARANGAL,NIT WARANGAL,"NANOFLUIDICS: THEORY, EXPERIMENTATION, COMPUTATION AND APPLICATIONS",Kottayam,Q036
Mr. SOURAV MAITY ,Student,SEACOM ENGINEERING COLLEGE ,SEACOM ENGINEERING COLLEGE ,"NANOFLUIDICS: THEORY, EXPERIMENTATION, COMPUTATION AND APPLICATIONS",Kottayam,Q037
Mr. Manoj Balakrishnan,Assistant Professor,"Saintgits College of Engineering, Pathamuttom","Saintgits College of Engineering, Pathamuttom","NANOFLUIDICS: THEORY, EXPERIMENTATION, COMPUTATION AND APPLICATIONS",Kottayam,Q038
Dr. YVV SATYANARAYANA MURTHY,Associate Professor ,"Indian maritime university,chennai.","Indian maritime university,chennai.","NANOFLUIDICS: THEORY, EXPERIMENTATION, COMPUTATION AND APPLICATIONS",Kottayam,Q039
Mr. AJU ZACHARIAH MANI,Assistant Professor,"Saintgits College of Engineering, Pathamuttom","Saintgits College of Engineering, Pathamuttom","NANOFLUIDICS: THEORY, EXPERIMENTATION, COMPUTATION AND APPLICATIONS",Kottayam,Q040
Mr. MATHEWS JOSEPH,Assistant Professor,"Saintgits College of Engineering, Pathamuttom","Saintgits College of Engineering, Pathamuttom","NANOFLUIDICS: THEORY, EXPERIMENTATION, COMPUTATION AND APPLICATIONS",Kottayam,Q041
Dr. JACOB T VARGHESE,Professor,"Saintgits College of Engineering, Pathamuttom","Saintgits College of Engineering, Pathamuttom","NANOFLUIDICS: THEORY, EXPERIMENTATION, COMPUTATION AND APPLICATIONS",Kottayam,Q042
Mr. MANISH KUMAR SINGH,Assistant Professor,ASHOKA INSTITUTE OF TECHNOLOGY AND MANAGEMENT,ASHOKA INSTITUTE OF TECHNOLOGY AND MANAGEMENT,"NANOFLUIDICS: THEORY, EXPERIMENTATION, COMPUTATION AND APPLICATIONS",Kottayam,Q043
Mr. ANEESH T,Assistant Professor,"Saintgits College of Engineering, Pathamuttom","Saintgits College of Engineering, Pathamuttom","NANOFLUIDICS: THEORY, EXPERIMENTATION, COMPUTATION AND APPLICATIONS",Kottayam,Q044
Dr. AMITH ARAVIND,Associate Professor ,"Saintgits College of Engineering, Pathamuttom","Saintgits College of Engineering, Pathamuttom","NANOFLUIDICS: THEORY, EXPERIMENTATION, COMPUTATION AND APPLICATIONS",Kottayam,Q045
Dr. Dr Subodh Kumar,Assistant Professor,IIT (ISM) Dhanbad,IIT (ISM) Dhanbad,"NANOFLUIDICS: THEORY, EXPERIMENTATION, COMPUTATION AND APPLICATIONS",Kottayam,Q046
Dr. Mini Kuriakose,Assistant Professor,"Saintgits College of Engineering, Pathamuttom","Saintgits College of Engineering, Pathamuttom","NANOFLUIDICS: THEORY, EXPERIMENTATION, COMPUTATION AND APPLICATIONS",Kottayam,Q047
Dr. Cherian Paul,Associate Professor ,"Saintgits College of Engineering, Pathamuttom","Saintgits College of Engineering, Pathamuttom","NANOFLUIDICS: THEORY, EXPERIMENTATION, COMPUTATION AND APPLICATIONS",Kottayam,Q048
Mr. Nandu S,Assistant Professor,"Saintgits College of Engineering, Pathamuttom","Saintgits College of Engineering, Pathamuttom","NANOFLUIDICS: THEORY, EXPERIMENTATION, COMPUTATION AND APPLICATIONS",Kottayam,Q049
Mr. Arun Kandukuri,Assistant Professor,Sri Venkateswara College of Engineering,Sri Venkateswara College of Engineering,"NANOFLUIDICS: THEORY, EXPERIMENTATION, COMPUTATION AND APPLICATIONS",Kottayam,Q050
Mr. Philip Jacob Perakathu,Assistant Professor,"Saintgits College of Engineering, Pathamuttom","Saintgits College of Engineering, Pathamuttom","NANOFLUIDICS: THEORY, EXPERIMENTATION, COMPUTATION AND APPLICATIONS",Kottayam,Q051
Dr. Kapilan N,Professor,Nitte Meenakshi Institute of Technology,Nitte Meenakshi Institute of Technology,"NANOFLUIDICS: THEORY, EXPERIMENTATION, COMPUTATION AND APPLICATIONS",Kottayam,Q052
Mr. K G GOPINATH,"General Manager(Elx \\& Telecom)-Retired",ONGC,ONGC,"NANOFLUIDICS: THEORY, EXPERIMENTATION, COMPUTATION AND APPLICATIONS",Kottayam,Q053
Mr. Jenny John Mattam,Assistant Professor,"Saintgits College of Engineering, Pathamuttom","Saintgits College of Engineering, Pathamuttom","NANOFLUIDICS: THEORY, EXPERIMENTATION, COMPUTATION AND APPLICATIONS",Kottayam,Q054
Dr. Dr Ghanshyam Barman,Assistant Professor,"Uka Tarsadia University Bardoli- 394350 Gujarat, India","Uka Tarsadia University Bardoli- 394350 Gujarat, India","NANOFLUIDICS: THEORY, EXPERIMENTATION, COMPUTATION AND APPLICATIONS",Kottayam,Q055
Dr. Prashant Govindrao Khakse,Senior Engineer,AIESL- Air India Engineering Services Ltd.,AIESL- Air India Engineering Services Ltd.,"NANOFLUIDICS: THEORY, EXPERIMENTATION, COMPUTATION AND APPLICATIONS",Kottayam,Q056
Mr. Aniket Prashant khakse,Student,AC PATIL COLLEGE OF ENGINEERING,AC PATIL COLLEGE OF ENGINEERING,"NANOFLUIDICS: THEORY, EXPERIMENTATION, COMPUTATION AND APPLICATIONS",Kottayam,Q057
Mr. Maurya Upendra Kanta,Research Scholar,National institute of technology Warangal,National institute of technology Warangal,"NANOFLUIDICS: THEORY, EXPERIMENTATION, COMPUTATION AND APPLICATIONS",Kottayam,Q058
Dr. KURIAN JOHN,Assistant Professor,"Mar Athanasius College of Engineering, Kothamangalam","Mar Athanasius College of Engineering, Kothamangalam","NANOFLUIDICS: THEORY, EXPERIMENTATION, COMPUTATION AND APPLICATIONS",Kottayam,Q059
Mr. Deepak B,Assistant Professor,Mar Baselios College of Engineering and Technology,Mar Baselios College of Engineering and Technology,"NANOFLUIDICS: THEORY, EXPERIMENTATION, COMPUTATION AND APPLICATIONS",Kottayam,Q060
Dr. Jayadevan P C,Assistant Professor,SCMS School of Engineering and Technology,SCMS School of Engineering and Technology,"NANOFLUIDICS: THEORY, EXPERIMENTATION, COMPUTATION AND APPLICATIONS",Kottayam,Q061
Dr. SASMITA BAL,Assistant Professor,"Alliance University, Bangalore","Alliance University, Bangalore","NANOFLUIDICS: THEORY, EXPERIMENTATION, COMPUTATION AND APPLICATIONS",Kottayam,Q062
Mr. RATHISH RAVINDRAN,Assistant Professor,"ST.THOMAS COLLEGE OF ENGINEERING AND TECHNOLOGY, KOZHUVALLOOR, CHENGANNUR","ST.THOMAS COLLEGE OF ENGINEERING AND TECHNOLOGY, KOZHUVALLOOR, CHENGANNUR","NANOFLUIDICS: THEORY, EXPERIMENTATION, COMPUTATION AND APPLICATIONS",Kottayam,Q063
Mr. Roshbe S Calolsa,Assistant Professor,St.Thomas College of Engineering and Technology,St.Thomas College of Engineering and Technology,"NANOFLUIDICS: THEORY, EXPERIMENTATION, COMPUTATION AND APPLICATIONS",Kottayam,Q064
Mr. Gulshan Verma,Research Scholar,Indian Institute of Technology BHU,Indian Institute of Technology BHU,"NANOFLUIDICS: THEORY, EXPERIMENTATION, COMPUTATION AND APPLICATIONS",Kottayam,Q065
Mr. JERRIN JOY VARUGHESE,Assistant Professor and Head of the Department,"ST.THOMAS COLLEGE OF ENGINEERING AND TECHNOLOGY,CHENGANNUR","ST.THOMAS COLLEGE OF ENGINEERING AND TECHNOLOGY,CHENGANNUR","NANOFLUIDICS: THEORY, EXPERIMENTATION, COMPUTATION AND APPLICATIONS",Kottayam,Q066
Mr. VIVEK JOHNY,PG Student,"Saintgits College of Engineering, Pathamuttom","Saintgits College of Engineering, Pathamuttom","NANOFLUIDICS: THEORY, EXPERIMENTATION, COMPUTATION AND APPLICATIONS",Kottayam,Q067
Dr. Sajeesh P,Assistant Professor,"NSS College of Engineering, Palakkad","NSS College of Engineering, Palakkad","NANOFLUIDICS: THEORY, EXPERIMENTATION, COMPUTATION AND APPLICATIONS",Kottayam,Q068
Ms. Greshma Susan Reji,UG Student,"Saintgits College of Engineering, Pathamuttom","Saintgits College of Engineering, Pathamuttom","NANOFLUIDICS: THEORY, EXPERIMENTATION, COMPUTATION AND APPLICATIONS",Kottayam,Q069
Mr. MANI MANI RAMANUJA ,Assistant Professor,GITAM University  Bangalore ,GITAM University  Bangalore ,"NANOFLUIDICS: THEORY, EXPERIMENTATION, COMPUTATION AND APPLICATIONS",Kottayam,Q070
Ms. Deepti Kushwaha,Assistant Professor,UIT RGPV Bhopal,UIT RGPV Bhopal,"NANOFLUIDICS: THEORY, EXPERIMENTATION, COMPUTATION AND APPLICATIONS",Kottayam,Q071
Mr. JOJU P JOHN,Assistant Professor,"ST.THOMAS COLLEGE OF ENGINEERING AND TECHNOLOGY,KOZHUVALLOOR,CHENGANNUR","ST.THOMAS COLLEGE OF ENGINEERING AND TECHNOLOGY,KOZHUVALLOOR,CHENGANNUR","NANOFLUIDICS: THEORY, EXPERIMENTATION, COMPUTATION AND APPLICATIONS",Kottayam,Q072
Dr. AJITH KURIAKOSE MANI ,Assistant Professor (Senior),"Saintgits College of Engineering, Pathamuttom","Saintgits College of Engineering, Pathamuttom","NANOFLUIDICS: THEORY, EXPERIMENTATION, COMPUTATION AND APPLICATIONS",Kottayam,Q073
Mr. SARATH S NAIR,PG Student,"Saintgits College of Engineering, Pathamuttom","Saintgits College of Engineering, Pathamuttom","NANOFLUIDICS: THEORY, EXPERIMENTATION, COMPUTATION AND APPLICATIONS",Kottayam,Q074
Mr. RAKESH RAJ,Assistant Professor,St Thomas College of Engineering and Technology,St Thomas College of Engineering and Technology,"NANOFLUIDICS: THEORY, EXPERIMENTATION, COMPUTATION AND APPLICATIONS",Kottayam,Q075
Mr. Praveen Kumar P,Assistant Professor,St. Thomas College of Engineering and Technology,St. Thomas College of Engineering and Technology,"NANOFLUIDICS: THEORY, EXPERIMENTATION, COMPUTATION AND APPLICATIONS",Kottayam,Q076
Mr. Vipin G Namboothiri,Assistant Professor,St Thomas College of Engineering and Technology ,St Thomas College of Engineering and Technology ,"NANOFLUIDICS: THEORY, EXPERIMENTATION, COMPUTATION AND APPLICATIONS",Kottayam,Q077
Mr. DEEPAK B S,Assistant Professor,Mar Baselios College of Engineering and Technology,Mar Baselios College of Engineering and Technology,"NANOFLUIDICS: THEORY, EXPERIMENTATION, COMPUTATION AND APPLICATIONS",Kottayam,Q078
Mr. ARAVIND KRUSHNAN R,PG Student,"Saintgits College of Engineering, Pathamuttom","Saintgits College of Engineering, Pathamuttom","NANOFLUIDICS: THEORY, EXPERIMENTATION, COMPUTATION AND APPLICATIONS",Kottayam,Q079
Mr. ANEES K,Assistant Professor,MEA ENGINEERING COLLEGE PERINTHALMANNA,MEA ENGINEERING COLLEGE PERINTHALMANNA,"NANOFLUIDICS: THEORY, EXPERIMENTATION, COMPUTATION AND APPLICATIONS",Kottayam,Q080
Mr. MUHAMMED NAZEEB NAZAR,Assistant Professor,MEA ENGINEERING COLLEGE ,MEA ENGINEERING COLLEGE ,"NANOFLUIDICS: THEORY, EXPERIMENTATION, COMPUTATION AND APPLICATIONS",Kottayam,Q081
Mr. BASIL GEORGE THOMAS ,Assistant Professor,"Saintgits College of Engineering, Pathamuttom","Saintgits College of Engineering, Pathamuttom","NANOFLUIDICS: THEORY, EXPERIMENTATION, COMPUTATION AND APPLICATIONS",Kottayam,Q082
Mr. Liju Mathew Alexander,Assistant Professor,"Saintgits College of Engineering, Pathamuttom","Saintgits College of Engineering, Pathamuttom","NANOFLUIDICS: THEORY, EXPERIMENTATION, COMPUTATION AND APPLICATIONS",Kottayam,Q083
Dr. SABARINATH S.,Assistant Professor,"Amrita Vishwa Vidyapeetham Amritapuri Campus, Kollam","Amrita Vishwa Vidyapeetham Amritapuri Campus, Kollam","NANOFLUIDICS: THEORY, EXPERIMENTATION, COMPUTATION AND APPLICATIONS",Kottayam,Q084
Dr. Sajeeb A M,Associate Professor ,Govt. Engineering College Kozhikode,Govt. Engineering College Kozhikode,"NANOFLUIDICS: THEORY, EXPERIMENTATION, COMPUTATION AND APPLICATIONS",Kottayam,Q085
Mr. Aravind S Baby ,Assistant Professor,Baselios Mathews II College Of Engineering,Baselios Mathews II College Of Engineering,"NANOFLUIDICS: THEORY, EXPERIMENTATION, COMPUTATION AND APPLICATIONS",Kottayam,Q086
Dr. TIJO D,Assistant Professor (Senior),"Saintgits College of Engineering, Pathamuttom","Saintgits College of Engineering, Pathamuttom","NANOFLUIDICS: THEORY, EXPERIMENTATION, COMPUTATION AND APPLICATIONS",Kottayam,Q087
Dr. Anish R,Assistant Professor,"Sree Buddha College of Engineering, Pattoor, Alappuzha","Sree Buddha College of Engineering, Pattoor, Alappuzha","NANOFLUIDICS: THEORY, EXPERIMENTATION, COMPUTATION AND APPLICATIONS",Kottayam,Q088
Mr. Justine Jacob,PG Student,"Saintgits College of Engineering, Pathamuttom","Saintgits College of Engineering, Pathamuttom","NANOFLUIDICS: THEORY, EXPERIMENTATION, COMPUTATION AND APPLICATIONS",Kottayam,Q089
Mr. JOBIN JOY,Assistant Professor,PROVIDENCE COLLEGE OF ENGINEERING,PROVIDENCE COLLEGE OF ENGINEERING,"NANOFLUIDICS: THEORY, EXPERIMENTATION, COMPUTATION AND APPLICATIONS",Kottayam,Q090
Mr. ARVIND P,Assistant Professor,Mar Baselios College of Engineering and Technology,Mar Baselios College of Engineering and Technology,"NANOFLUIDICS: THEORY, EXPERIMENTATION, COMPUTATION AND APPLICATIONS",Kottayam,Q091
Mr. MANU MOHAN,Assistant Professor,"MARIAN ENGINEERING COLLEGE, TRIVANDRUM","MARIAN ENGINEERING COLLEGE, TRIVANDRUM","NANOFLUIDICS: THEORY, EXPERIMENTATION, COMPUTATION AND APPLICATIONS",Kottayam,Q092
Mr. YATHISH KUMAR K,Assistant Professor,"St Joseph Engineering College, Mangaluru","St Joseph Engineering College, Mangaluru","NANOFLUIDICS: THEORY, EXPERIMENTATION, COMPUTATION AND APPLICATIONS",Kottayam,Q093
Mr. Vinay Saini,Research Scholar ,IIT Delhi,IIT Delhi,"NANOFLUIDICS: THEORY, EXPERIMENTATION, COMPUTATION AND APPLICATIONS",Kottayam,Q094
Mr. Rahul R S,Assistant Professor,"Marian Engineering College, Trivandrum","Marian Engineering College, Trivandrum","NANOFLUIDICS: THEORY, EXPERIMENTATION, COMPUTATION AND APPLICATIONS",Kottayam,Q095
Dr. Vishnu. B. R,Assistant Professor,Marian Engineering college ,Marian Engineering college ,"NANOFLUIDICS: THEORY, EXPERIMENTATION, COMPUTATION AND APPLICATIONS",Kottayam,Q096
Dr. Avinash Govindaraju,Assistant Professor,BMSIT\\&M,BMSIT\\&M,"NANOFLUIDICS: THEORY, EXPERIMENTATION, COMPUTATION AND APPLICATIONS",Kottayam,Q097
Mr. Shyamraj.R,Assistant Professor,College of Engineering and Management Punnapra,College of Engineering and Management Punnapra,"NANOFLUIDICS: THEORY, EXPERIMENTATION, COMPUTATION AND APPLICATIONS",Kottayam,Q098
Mr. Roshan George Koshy,Assistant Professor,Mar Baselios College of Engineering and Technology,Mar Baselios College of Engineering and Technology,"NANOFLUIDICS: THEORY, EXPERIMENTATION, COMPUTATION AND APPLICATIONS",Kottayam,Q099
Dr. Tapano Kumar Hotta,Associate Professor ,Vellore Institute of Technology Vellore,Vellore Institute of Technology Vellore,"NANOFLUIDICS: THEORY, EXPERIMENTATION, COMPUTATION AND APPLICATIONS",Kottayam,Q100
Mr. Don George Kurian,Assistant Professor,"St. Joseph's College of Engineering  and Technology, Palai","St. Joseph's College of Engineering  and Technology, Palai","NANOFLUIDICS: THEORY, EXPERIMENTATION, COMPUTATION AND APPLICATIONS",Kottayam,Q101
Prof. Dinesh Pandurang Panchve ,Assistant Professor,"MET Institute of Engineering,  Bhujbal Knowledge City""'","MET Institute of Engineering,  Bhujbal Knowledge City""'","NANOFLUIDICS: THEORY, EXPERIMENTATION, COMPUTATION AND APPLICATIONS",Kottayam,Q102
Dr. Prashant Thapliyal ,Assistant Professor,Army Cadet College Indian Military Academy Dehradun Uttarakhand ,Army Cadet College Indian Military Academy Dehradun Uttarakhand ,"NANOFLUIDICS: THEORY, EXPERIMENTATION, COMPUTATION AND APPLICATIONS",Kottayam,Q103
Dr. Jilse Sebastian ,Associate Professor ,"St.Joseph?s College of Engineering and Technology,Palai","St.Joseph?s College of Engineering and Technology,Palai","NANOFLUIDICS: THEORY, EXPERIMENTATION, COMPUTATION AND APPLICATIONS",Kottayam,Q104
Mr. SATHYAMOORTHY G,Research Scholar ,NATIONAL INSTITUTE OF TECHNOLOGY TIRUCHIRAPPALLI,NATIONAL INSTITUTE OF TECHNOLOGY TIRUCHIRAPPALLI,"NANOFLUIDICS: THEORY, EXPERIMENTATION, COMPUTATION AND APPLICATIONS",Kottayam,Q105
Dr. Shan M Assis,Associate Professor ,"Musaliar College of Engineering and Technology, Pathanamthitta","Musaliar College of Engineering and Technology, Pathanamthitta","NANOFLUIDICS: THEORY, EXPERIMENTATION, COMPUTATION AND APPLICATIONS",Kottayam,Q106
Mrs. Priwiya Peter,Assistant Professor,"Saintgits College of Engineering, Pathamuttom","Saintgits College of Engineering, Pathamuttom","NANOFLUIDICS: THEORY, EXPERIMENTATION, COMPUTATION AND APPLICATIONS",Kottayam,Q107
Mr. Shrikant Parvekar ,Student,Gyan Ganga Institute of Technology And Science ,Gyan Ganga Institute of Technology And Science ,"NANOFLUIDICS: THEORY, EXPERIMENTATION, COMPUTATION AND APPLICATIONS",Kottayam,Q108
Dr. Pradeepmon T G,Associate Professor ,Muthoot Institute of Technology and Science,Muthoot Institute of Technology and Science,"NANOFLUIDICS: THEORY, EXPERIMENTATION, COMPUTATION AND APPLICATIONS",Kottayam,Q109
Prof. M.S.Mhaske,Associate Professor ,"Pravara Rural Engineering College,Loni","Pravara Rural Engineering College,Loni","NANOFLUIDICS: THEORY, EXPERIMENTATION, COMPUTATION AND APPLICATIONS",Kottayam,Q110
Mr. SUHAIL S,UG Student,"Saintgits College of Engineering, Pathamuttom","Saintgits College of Engineering, Pathamuttom","NANOFLUIDICS: THEORY, EXPERIMENTATION, COMPUTATION AND APPLICATIONS",Kottayam,Q111
Mr. CHINNAHAJISAGARI MOHAMMAD AKRAM,Assistant Professor,S.R.K. Institute of Technology,S.R.K. Institute of Technology,"NANOFLUIDICS: THEORY, EXPERIMENTATION, COMPUTATION AND APPLICATIONS",Kottayam,Q112
Mr. MUHAMMED RANEES K T,Assistant Professor,MEA Engineering college Perinthalmana,MEA Engineering college Perinthalmana,"NANOFLUIDICS: THEORY, EXPERIMENTATION, COMPUTATION AND APPLICATIONS",Kottayam,Q113
Dr. Mahesh Kumar Porwal,Professor,Sree Chaitanya College of Engineeinrg,Sree Chaitanya College of Engineeinrg,"NANOFLUIDICS: THEORY, EXPERIMENTATION, COMPUTATION AND APPLICATIONS",Kottayam,Q114
Dr. Mahesh Kumar Porwal,Professor,Sree Chaitanya College of Engineering,Sree Chaitanya College of Engineering,"NANOFLUIDICS: THEORY, EXPERIMENTATION, COMPUTATION AND APPLICATIONS",Kottayam,Q115
Dr. RAMESH R,Associate Professor ,"Sree Vidyanikethan Engineering College, Tirupati","Sree Vidyanikethan Engineering College, Tirupati","NANOFLUIDICS: THEORY, EXPERIMENTATION, COMPUTATION AND APPLICATIONS",Kottayam,Q116
Dr. D.R.S.Raghuraman,Associate Professor ,"Vellore Institute of Technology,Vellore,-632014","Vellore Institute of Technology,Vellore,-632014","NANOFLUIDICS: THEORY, EXPERIMENTATION, COMPUTATION AND APPLICATIONS",Kottayam,Q117
Dr. C. R. Berlin Selva Rex ,Associate Professor ,Marian Engineering College ,Marian Engineering College ,"NANOFLUIDICS: THEORY, EXPERIMENTATION, COMPUTATION AND APPLICATIONS",Kottayam,Q118
Prof. Rahul Singh parihar ,Assistant Professor,M.K.Ponda college of business and Management ,M.K.Ponda college of business and Management ,"NANOFLUIDICS: THEORY, EXPERIMENTATION, COMPUTATION AND APPLICATIONS",Kottayam,Q119
Mr. Jishad K,Assistant Professor,MEA Engineering College,MEA Engineering College,"NANOFLUIDICS: THEORY, EXPERIMENTATION, COMPUTATION AND APPLICATIONS",Kottayam,Q120
Mrs. D.Soumyalata,Associate Professor ,Musaliar College of Engineering and Technology Pathanamthitta,Musaliar College of Engineering and Technology Pathanamthitta,"NANOFLUIDICS: THEORY, EXPERIMENTATION, COMPUTATION AND APPLICATIONS",Kottayam,Q121
Mrs. Kuracha Nirisha,Research scholar,GITAM deemed to be University,GITAM deemed to be University,"NANOFLUIDICS: THEORY, EXPERIMENTATION, COMPUTATION AND APPLICATIONS",Kottayam,Q122
Mr. SUMIT SINGLA,Assistant Professor,"Somany Institute of Technology and Management, Rewari Hr","Somany Institute of Technology and Management, Rewari Hr","NANOFLUIDICS: THEORY, EXPERIMENTATION, COMPUTATION AND APPLICATIONS",Kottayam,Q123
Mr. ARUNJITH A. R. ,Assistant Professor,M Dasan Institute of Technology ,M Dasan Institute of Technology ,"NANOFLUIDICS: THEORY, EXPERIMENTATION, COMPUTATION AND APPLICATIONS",Kottayam,Q124
Mr. Janishali K K,Assistant Professor,M.Dasan Institute of Technology,M.Dasan Institute of Technology,"NANOFLUIDICS: THEORY, EXPERIMENTATION, COMPUTATION AND APPLICATIONS",Kottayam,Q125
Mr. SANDEEP E,Assistant Professor,Marian Engineering College,Marian Engineering College,"NANOFLUIDICS: THEORY, EXPERIMENTATION, COMPUTATION AND APPLICATIONS",Kottayam,Q126
Mr. Rahul R,Assistant Professor,Musaliar College of Engineering and Technology ,Musaliar College of Engineering and Technology ,"NANOFLUIDICS: THEORY, EXPERIMENTATION, COMPUTATION AND APPLICATIONS",Kottayam,Q127
Mr. Roji George Roy,PG Student,"Saintgits College of Engineering, Pathamuttom","Saintgits College of Engineering, Pathamuttom","NANOFLUIDICS: THEORY, EXPERIMENTATION, COMPUTATION AND APPLICATIONS",Kottayam,Q128
Mr. Ashish Zachariah,Assistant Professor,St. Thomas Institute for Science and Technology,St. Thomas Institute for Science and Technology,"NANOFLUIDICS: THEORY, EXPERIMENTATION, COMPUTATION AND APPLICATIONS",Kottayam,Q129
Mr. Chandra Sekhar Mishra,Assistant Professor,Sree Vidyanikethan Engineering college,Sree Vidyanikethan Engineering college,"NANOFLUIDICS: THEORY, EXPERIMENTATION, COMPUTATION AND APPLICATIONS",Kottayam,Q130
Dr. Remil George Thomas,Associate Professor ,Mar Baselios College of Engineering and Technology,Mar Baselios College of Engineering and Technology,"NANOFLUIDICS: THEORY, EXPERIMENTATION, COMPUTATION AND APPLICATIONS",Kottayam,Q131
Mr. Alex Chollackal,Assistant Professor,"St. Joseph's College of Engineering and Technology, Palai","St. Joseph's College of Engineering and Technology, Palai","NANOFLUIDICS: THEORY, EXPERIMENTATION, COMPUTATION AND APPLICATIONS",Kottayam,Q132
Mr. JOBIN JOSE,Assistant Professor,"Lourdes Matha College of Science and Technology, Trivandrum","Lourdes Matha College of Science and Technology, Trivandrum","NANOFLUIDICS: THEORY, EXPERIMENTATION, COMPUTATION AND APPLICATIONS",Kottayam,Q133
Mr. Kukkambakam. Chandra sekhar,Associate Professor ,QIS COLLEGE OF ENGINEERING AND TECHNOLOGY,QIS COLLEGE OF ENGINEERING AND TECHNOLOGY,"NANOFLUIDICS: THEORY, EXPERIMENTATION, COMPUTATION AND APPLICATIONS",Kottayam,Q134
Mr. Shanmuka Srinivas M,Doctoral scholar,INDIAN INSTITUTE OF TECHNOLOGY TIRUPATI,INDIAN INSTITUTE OF TECHNOLOGY TIRUPATI,"NANOFLUIDICS: THEORY, EXPERIMENTATION, COMPUTATION AND APPLICATIONS",Kottayam,Q135
Mr. SANTHU VARGHESE THOMAS,Assistant Professor,Mangalam College of Engineering,Mangalam College of Engineering,"NANOFLUIDICS: THEORY, EXPERIMENTATION, COMPUTATION AND APPLICATIONS",Kottayam,Q136
Mr. Mohammed Shabbir Ahmed,Associate Professor ,Nawab Shah Alam Khan College of Engineering  and Technology,Nawab Shah Alam Khan College of Engineering  and Technology,"NANOFLUIDICS: THEORY, EXPERIMENTATION, COMPUTATION AND APPLICATIONS",Kottayam,Q137
Mr. SUBHOJIT MONDAL,PG Student,SEACOM ENGINEERING COLLEGE,SEACOM ENGINEERING COLLEGE,"NANOFLUIDICS: THEORY, EXPERIMENTATION, COMPUTATION AND APPLICATIONS",Kottayam,Q138
Dr. D Y Dhande,Associate Professor ,"AISSMS College of Engineering, Pune, Maharashtra","AISSMS College of Engineering, Pune, Maharashtra","NANOFLUIDICS: THEORY, EXPERIMENTATION, COMPUTATION AND APPLICATIONS",Kottayam,Q139
Mr. Tobin Thomas,Assistant Professor,"Saintgits College of Engineering, Pathamuttom","Saintgits College of Engineering, Pathamuttom","NANOFLUIDICS: THEORY, EXPERIMENTATION, COMPUTATION AND APPLICATIONS",Kottayam,Q140
Dr. M. Narendra Kumar,Professor,"Centre for incubation, Innovation, Research and Consultancy (CIIRC),  Jyothy Institute of Technology","Centre for incubation, Innovation, Research and Consultancy (CIIRC),  Jyothy Institute of Technology","NANOFLUIDICS: THEORY, EXPERIMENTATION, COMPUTATION AND APPLICATIONS",Kottayam,Q141
Prof. Sajan Thomas,Professor,"Saintgits College of Engineering, Pathamuttom","Saintgits College of Engineering, Pathamuttom","NANOFLUIDICS: THEORY, EXPERIMENTATION, COMPUTATION AND APPLICATIONS",Kottayam,Q142
Dr. Jiju V Elias,Professor,"Saintgits College of Engineering, Pathamuttom","Saintgits College of Engineering, Pathamuttom","NANOFLUIDICS: THEORY, EXPERIMENTATION, COMPUTATION AND APPLICATIONS",Kottayam,Q143
