Name,Designation,Institution,Dept,Event,Place,ID
Dr. Sreekala K S,Associate Professor ,Saintgits College of Engineering (Autonomous),Saintgits College of Engineering (Autonomous),Nurturing Autonomy,Kottayam,Q001
Mr. Visakh Vijayan,Assistant Professor,Saintgits College of Engineering (Autonomous),Saintgits College of Engineering (Autonomous),Nurturing Autonomy,Kottayam,Q002
Er. Vipin Das,Professor,Saintgits College of Engineering (Autonomous),Saintgits College of Engineering (Autonomous),Nurturing Autonomy, Kottayam,Q003
Er. AFIA.S.HAMEED,Assistant Professor,Saintgits College of Engineering (Autonomous),Saintgits College of Engineering (Autonomous),Nurturing Autonomy,Kottayam,Q004
Dr. Soosan George T.,Assistant Professor,Saintgits College of Engineering (Autonomous),Saintgits College of Engineering (Autonomous),Nurturing Autonomy,Kottayam,Q005
Mr. M.G. Isaac,Assistant Professor,Saintgits College of Engineering (Autonomous),Saintgits College of Engineering (Autonomous),Nurturing Autonomy,Kottayam,Q006
Er. Jisha James,Research Scholar,Saintgits College of Engineering (Autonomous),Saintgits College of Engineering (Autonomous),Nurturing Autonomy,Kottayam,Q007
Er. Fossy Mary Chacko,Research Scholar,Saintgits College of Engineering (Autonomous),Saintgits College of Engineering (Autonomous),Nurturing Autonomy,Kottayam,Q008
Ms. ANUSREE P G,Associate Professor ,Saintgits College of Engineering (Autonomous),Saintgits College of Engineering (Autonomous),Nurturing Autonomy,Kottayam,Q009
Dr. Suresh Babu M,Associate Professor,Saintgits College of Engineering (Autonomous),Saintgits College of Engineering (Autonomous),Nurturing Autonomy,Kottayam,Q010
Dr. PRAJINA O K,Assistant Professor (Senior),Saintgits College of Engineering (Autonomous),Saintgits College of Engineering (Autonomous),Nurturing Autonomy,Kottayam,Q011
Ms. Joicy Abraham,Ph.D Research Scholar,Saintgits College of Engineering (Autonomous),Saintgits College of Engineering (Autonomous),Nurturing Autonomy,Kottayam,Q012
Dr. LISHA K P,Assistant Professor,Saintgits College of Engineering (Autonomous),Saintgits College of Engineering (Autonomous),Nurturing Autonomy,Kottayam,Q013
Dr. Anshy Oonnittan,Research Scholar,Saintgits College of Engineering (Autonomous),Saintgits College of Engineering (Autonomous),Nurturing Autonomy,Kottayam,Q014
Dr. SREEJITH C C,Assistant Professor,Saintgits College of Engineering (Autonomous),Saintgits College of Engineering (Autonomous),Nurturing Autonomy,Kottayam,Q015
Dr. Siju N Antony,Assistant Professor,Saintgits College of Engineering (Autonomous),Saintgits College of Engineering (Autonomous),Nurturing Autonomy,Kottayam,Q016
Dr. Mini Kuriakose,PG Student,Saintgits College of Engineering (Autonomous),Saintgits College of Engineering (Autonomous),Nurturing Autonomy,Kottayam,Q017
Dr.  Mary Thomas,PG Student,Saintgits College of Engineering (Autonomous),Saintgits College of Engineering (Autonomous),Nurturing Autonomy,Kottayam,Q018
Dr. Cherian Paul ,Assistant Professor,Saintgits College of Engineering (Autonomous),Saintgits College of Engineering (Autonomous),Nurturing Autonomy,Kottayam,Q019
Dr. RAJESH K S,Professor,Saintgits College of Engineering (Autonomous),Saintgits College of Engineering (Autonomous),Nurturing Autonomy,Kottayam,Q020
Mr. Akhil Mathew Philip,Assistant Professor,Saintgits College of Engineering (Autonomous),Saintgits College of Engineering (Autonomous),Nurturing Autonomy,Kottayam,Q021
Dr. Biku Abraham,UG Student,Saintgits College of Engineering (Autonomous),Saintgits College of Engineering (Autonomous),Nurturing Autonomy,Kottayam,Q022
Dr. Amith Aravind,Assistant Professor,Saintgits College of Engineering (Autonomous),Saintgits College of Engineering (Autonomous),Nurturing Autonomy,Kottayam,Q023
Dr. Nivedita S,Assistant Professor,Saintgits College of Engineering (Autonomous),Saintgits College of Engineering (Autonomous),Nurturing Autonomy,Kottayam,Q024
Er. Soumya Sara Koshy,Assistant Professor,Saintgits College of Engineering (Autonomous),Saintgits College of Engineering (Autonomous),Nurturing Autonomy,Kottayam,Q025
Dr. SUDHA T,Assistant Professor,Saintgits College of Engineering (Autonomous),Saintgits College of Engineering (Autonomous),Nurturing Autonomy,Kottayam,Q026
Dr. Anju Pratap,General Manager,Saintgits College of Engineering (Autonomous),Saintgits College of Engineering (Autonomous),Nurturing Autonomy,Kottayam,Q027
Dr. RIBOY CHERIYAN,Assistant Professor,Saintgits College of Engineering (Autonomous),Saintgits College of Engineering (Autonomous),Nurturing Autonomy,Kottayam,Q028
Ms. ANCY SARA VARGHESE,Assistant Professor,Saintgits College of Engineering (Autonomous),Saintgits College of Engineering (Autonomous),Nurturing Autonomy,Kottayam,Q029
Er. GOKULNATH G,Research Scholar,Saintgits College of Engineering (Autonomous),Saintgits College of Engineering (Autonomous),Nurturing Autonomy,Kottayam,Q030
Dr. Prince George ,Associate Professor ,Saintgits College of Engineering (Autonomous),Saintgits College of Engineering (Autonomous),Nurturing Autonomy,Kottayam,Q031
Dr. Mahendran Nagalingam,Associate Professor ,Saintgits College of Engineering (Autonomous),Saintgits College of Engineering (Autonomous),Nurturing Autonomy,Kottayam,Q032
Mr. Jerrin Sebastian,Associate Professor ,Saintgits College of Engineering (Autonomous),Saintgits College of Engineering (Autonomous),Nurturing Autonomy,Kottayam,Q033
Ms. Shino Abraham,Assistant Professor,Saintgits College of Engineering (Autonomous),Saintgits College of Engineering (Autonomous),Nurturing Autonomy,Kottayam,Q034
Dr. Reebu Zachariah Koshy,Assistant Professor,Saintgits College of Engineering (Autonomous),Saintgits College of Engineering (Autonomous),Nurturing Autonomy,Kottayam,Q035
Mr. Jenny John Mattam,Research Scholar,Saintgits College of Engineering (Autonomous),Saintgits College of Engineering (Autonomous),Nurturing Autonomy,Kottayam,Q036
Er. Sony George,Student,Saintgits College of Engineering (Autonomous),Saintgits College of Engineering (Autonomous),Nurturing Autonomy,Kottayam,Q037
Dr. ELSA CHERIAN,Assistant Professor,Saintgits College of Engineering (Autonomous),Saintgits College of Engineering (Autonomous),Nurturing Autonomy,Kottayam,Q038
Dr. Jobil J Arackal ,Associate Professor ,Saintgits College of Engineering (Autonomous),Saintgits College of Engineering (Autonomous),Nurturing Autonomy,Kottayam,Q039
Mr. Jithin Kurian Andrews,Assistant Professor,Saintgits College of Engineering (Autonomous),Saintgits College of Engineering (Autonomous),Nurturing Autonomy,Kottayam,Q040
Dr. Soosan George T,Assistant Professor,Saintgits College of Engineering (Autonomous),Saintgits College of Engineering (Autonomous),Nurturing Autonomy,Kottayam,Q041
Er. Nirmal John Joy,Professor,Saintgits College of Engineering (Autonomous),Saintgits College of Engineering (Autonomous),Nurturing Autonomy,Kottayam,Q042
Dr.  ANITHA JOSEPH,Assistant Professor,Saintgits College of Engineering (Autonomous),Saintgits College of Engineering (Autonomous),Nurturing Autonomy,Kottayam,Q043
Er. SUNITHA A DANIEL,Assistant Professor,Saintgits College of Engineering (Autonomous),Saintgits College of Engineering (Autonomous),Nurturing Autonomy,Kottayam,Q044
Er. Rakendu R,Associate Professor ,Saintgits College of Engineering (Autonomous),Saintgits College of Engineering (Autonomous),Nurturing Autonomy,Kottayam,Q045
Mr. Gopeekrishnan R,Assistant Professor,Saintgits College of Engineering (Autonomous),Saintgits College of Engineering (Autonomous),Nurturing Autonomy,Kottayam,Q046
Er. Gopika Moorthy,Assistant Professor,Saintgits College of Engineering (Autonomous),Saintgits College of Engineering (Autonomous),Nurturing Autonomy,Kottayam,Q047
Mr. M G Isaac,Associate Professor ,Saintgits College of Engineering (Autonomous),Saintgits College of Engineering (Autonomous),Nurturing Autonomy,Kottayam,Q048
Dr. Reenu Elizabeth John,Assistant Professor,Saintgits College of Engineering (Autonomous),Saintgits College of Engineering (Autonomous),Nurturing Autonomy,Kottayam,Q049
Er. SAILESH K S,Assistant Professor,Saintgits College of Engineering (Autonomous),Saintgits College of Engineering (Autonomous),Nurturing Autonomy,Kottayam,Q050
Ms. BINI THOMAS ,Assistant Professor,Saintgits College of Engineering (Autonomous),Saintgits College of Engineering (Autonomous),Nurturing Autonomy,Kottayam,Q051
Er. ANITHA KRISHNAN V C,Professor,Saintgits College of Engineering (Autonomous),Saintgits College of Engineering (Autonomous),Nurturing Autonomy,Kottayam,Q052
Dr. Susan Rose,General Manager(Elx \\& Telecom)-Retired,Saintgits College of Engineering (Autonomous),Saintgits College of Engineering (Autonomous),Nurturing Autonomy,Kottayam,Q053
Ms. Rosamma,Assistant Professor,Saintgits College of Engineering (Autonomous),Saintgits College of Engineering (Autonomous),Nurturing Autonomy,Kottayam,Q054
Dr. Arun Madhu,Assistant Professor,Saintgits College of Engineering (Autonomous),Saintgits College of Engineering (Autonomous),Nurturing Autonomy,Kottayam,Q055
Dr. Nivin Philip,Senior Engineer,Saintgits College of Engineering (Autonomous),Saintgits College of Engineering (Autonomous),Nurturing Autonomy,Kottayam,Q056
Ms. Rachel Rose ,Student,Saintgits College of Engineering (Autonomous),Saintgits College of Engineering (Autonomous),Nurturing Autonomy,Kottayam,Q057
Er. Sneha M Varghese ,Research Scholar,Saintgits College of Engineering (Autonomous),Saintgits College of Engineering (Autonomous),Nurturing Autonomy,Kottayam,Q058
Ms. Starlet Ben Alex,Assistant Professor,Saintgits College of Engineering (Autonomous),Saintgits College of Engineering (Autonomous),Nurturing Autonomy,Kottayam,Q059
Dr. Jubilant J Kizhakkethottam,Assistant Professor,Saintgits College of Engineering (Autonomous),Saintgits College of Engineering (Autonomous),Nurturing Autonomy,Kottayam,Q060
Er. Veerapandi L,Assistant Professor,Saintgits College of Engineering (Autonomous),Saintgits College of Engineering (Autonomous),Nurturing Autonomy,Kottayam,Q061
Dr. Lakshmi Mohan,Assistant Professor,Saintgits College of Engineering (Autonomous),Saintgits College of Engineering (Autonomous),Nurturing Autonomy,Kottayam,Q062
Mr. Manoj C M,Assistant Professor,Saintgits College of Engineering (Autonomous),Saintgits College of Engineering (Autonomous),Nurturing Autonomy,Kottayam,Q063
Mr. Jijo varghese,Assistant Professor,Saintgits College of Engineering (Autonomous),Saintgits College of Engineering (Autonomous),Nurturing Autonomy,Kottayam,Q064
Er. Dhanusha P B ,Research Scholar,Saintgits College of Engineering (Autonomous),Saintgits College of Engineering (Autonomous),Nurturing Autonomy,Kottayam,Q065
Mr. SREEJITH M S,Assistant Professor and Head of the Department,Saintgits College of Engineering (Autonomous),Saintgits College of Engineering (Autonomous),Nurturing Autonomy,Kottayam,Q066
Ms. Vidya K.R.,PG Student,Saintgits College of Engineering (Autonomous),Saintgits College of Engineering (Autonomous),Nurturing Autonomy,Kottayam,Q067
Er. Thomas Joseph,Assistant Professor,Saintgits College of Engineering (Autonomous),Saintgits College of Engineering (Autonomous),Nurturing Autonomy,Kottayam,Q068
Er. Reshma Kassim,UG Student,Saintgits College of Engineering (Autonomous),Saintgits College of Engineering (Autonomous),Nurturing Autonomy,Kottayam,Q069
Ms. Veena A Kumar,Assistant Professor,Saintgits College of Engineering (Autonomous),Saintgits College of Engineering (Autonomous),Nurturing Autonomy,Kottayam,Q070
Ms. Sheeba babu,Assistant Professor,Saintgits College of Engineering (Autonomous),Saintgits College of Engineering (Autonomous),Nurturing Autonomy,Kottayam,Q071
Ms. Rizwana Akbar,Assistant Professor,Saintgits College of Engineering (Autonomous),Saintgits College of Engineering (Autonomous),Nurturing Autonomy,Kottayam,Q072
Dr.  Elizabeth Dominic,Assistant Professor (Senior),Saintgits College of Engineering (Autonomous),Saintgits College of Engineering (Autonomous),Nurturing Autonomy,Kottayam,Q073
Dr. Saravanan K,PG Student,Saintgits College of Engineering (Autonomous),Saintgits College of Engineering (Autonomous),Nurturing Autonomy,Kottayam,Q074
Er. NEKHA JOS,Assistant Professor,Saintgits College of Engineering (Autonomous),Saintgits College of Engineering (Autonomous),Nurturing Autonomy,Kottayam,Q075
Dr. ANJU K A,Assistant Professor,Saintgits College of Engineering (Autonomous),Saintgits College of Engineering (Autonomous),Nurturing Autonomy,Kottayam,Q076
Er. Joe G Philip,Assistant Professor,Saintgits College of Engineering (Autonomous),Saintgits College of Engineering (Autonomous),Nurturing Autonomy,Kottayam,Q077
Er. Lakshmi P,Assistant Professor,Saintgits College of Engineering (Autonomous),Saintgits College of Engineering (Autonomous),Nurturing Autonomy,Kottayam,Q078
Er. Anoopa Ann Thomas,PG Student,Saintgits College of Engineering (Autonomous),Saintgits College of Engineering (Autonomous),Nurturing Autonomy,Kottayam,Q079
Er. HARINARAYANAN NAMPOOTHIRI M G,Assistant Professor,Saintgits College of Engineering (Autonomous),Saintgits College of Engineering (Autonomous),Nurturing Autonomy,Kottayam,Q080
Er. Vinayakumar B,Assistant Professor,Saintgits College of Engineering (Autonomous),Saintgits College of Engineering (Autonomous),Nurturing Autonomy,Kottayam,Q081
Er. Jyothi Krishnan M,Assistant Professor,Saintgits College of Engineering (Autonomous),Saintgits College of Engineering (Autonomous),Nurturing Autonomy,Kottayam,Q082
Ms. GAYATHRI J L,Assistant Professor,Saintgits College of Engineering (Autonomous),Saintgits College of Engineering (Autonomous),Nurturing Autonomy,Kottayam,Q083
Dr. BEENA A O ,Assistant Professor,Saintgits College of Engineering (Autonomous),Saintgits College of Engineering (Autonomous),Nurturing Autonomy,Kottayam,Q084
Ms. Filmy Francis ,Associate Professor ,Saintgits College of Engineering (Autonomous),Saintgits College of Engineering (Autonomous),Nurturing Autonomy,Kottayam,Q085
Dr. Latha.k,Assistant Professor,Saintgits College of Engineering (Autonomous),Saintgits College of Engineering (Autonomous),Nurturing Autonomy,Kottayam,Q086
Er. Alice Johny,Assistant Professor (Senior),Saintgits College of Engineering (Autonomous),Saintgits College of Engineering (Autonomous),Nurturing Autonomy,Kottayam,Q087
Er. Anish M George,Assistant Professor,Saintgits College of Engineering (Autonomous),Saintgits College of Engineering (Autonomous),Nurturing Autonomy,Kottayam,Q088
Dr. Ansal K A,PG Student,Saintgits College of Engineering (Autonomous),Saintgits College of Engineering (Autonomous),Nurturing Autonomy,Kottayam,Q089
Er. M Gayathri Devi,Assistant Professor,Saintgits College of Engineering (Autonomous),Saintgits College of Engineering (Autonomous),Nurturing Autonomy,Kottayam,Q090
Dr. Elgin Alexander ,Assistant Professor,Saintgits College of Engineering (Autonomous),Saintgits College of Engineering (Autonomous),Nurturing Autonomy,Kottayam,Q091
Dr.Chandrasekharan nair,Assistant Professor,Saintgits College of Engineering (Autonomous),Saintgits College of Engineering (Autonomous),Nurturing Autonomy,Kottayam,Q092
Dr. Roji George,Assistant Professor,Saintgits College of Engineering (Autonomous),Saintgits College of Engineering (Autonomous),Nurturing Autonomy,Kottayam,Q093
Er. Sita Radhakrishnan ,Research Scholar ,Saintgits College of Engineering (Autonomous),Saintgits College of Engineering (Autonomous),Nurturing Autonomy,Kottayam,Q094
Er. Nijo Mathew Varghese,Assistant Professor,Saintgits College of Engineering (Autonomous),Saintgits College of Engineering (Autonomous),Nurturing Autonomy,Kottayam,Q095
Mr. Tibin Thomas,Assistant Professor,Saintgits College of Engineering (Autonomous),Saintgits College of Engineering (Autonomous),Nurturing Autonomy,Kottayam,Q096
Dr. Ajith Kuriakose Mani ,Assistant Professor,Saintgits College of Engineering (Autonomous),Saintgits College of Engineering (Autonomous),Nurturing Autonomy,Kottayam,Q097
Er. Nisha Joseph,Assistant Professor,Saintgits College of Engineering (Autonomous),Saintgits College of Engineering (Autonomous),Nurturing Autonomy,Kottayam,Q098
Mr. Abhijith R,Assistant Professor,Saintgits College of Engineering (Autonomous),Saintgits College of Engineering (Autonomous),Nurturing Autonomy,Kottayam,Q099
Dr. C Ajith,Associate Professor ,Saintgits College of Engineering (Autonomous),Saintgits College of Engineering (Autonomous),Nurturing Autonomy,Kottayam,Q100
Mr. Punnoose George ,Assistant Professor,Saintgits College of Engineering (Autonomous),Saintgits College of Engineering (Autonomous),Nurturing Autonomy,Kottayam,Q101
Er. Ria Mathews,Assistant Professor,Saintgits College of Engineering (Autonomous),Saintgits College of Engineering (Autonomous),Nurturing Autonomy,Kottayam,Q102
Er. Jinu Thomas,Assistant Professor,Saintgits College of Engineering (Autonomous),Saintgits College of Engineering (Autonomous),Nurturing Autonomy,Kottayam,Q103
Mr. Nandu S,Associate Professor ,Saintgits College of Engineering (Autonomous),Saintgits College of Engineering (Autonomous),Nurturing Autonomy,Kottayam,Q104
Mr. Siju K S,Research Scholar ,Saintgits College of Engineering (Autonomous),Saintgits College of Engineering (Autonomous),Nurturing Autonomy,Kottayam,Q105
Mr. Manoj Balakrishnan,Associate Professor ,Saintgits College of Engineering (Autonomous),Saintgits College of Engineering (Autonomous),Nurturing Autonomy,Kottayam,Q106
Ms. SINDHU A R,Assistant Professor,Saintgits College of Engineering (Autonomous),Saintgits College of Engineering (Autonomous),Nurturing Autonomy,Kottayam,Q107
Er. Shyla Joseph A.,Student,Saintgits College of Engineering (Autonomous),Saintgits College of Engineering (Autonomous),Nurturing Autonomy,Kottayam,Q108
Mr. Anil Kumar G ,Associate Professor ,Saintgits College of Engineering (Autonomous),Saintgits College of Engineering (Autonomous),Nurturing Autonomy,Kottayam,Q109
Dr. CHACKO PRENO KOSHY,Associate Professor ,Saintgits College of Engineering (Autonomous),Saintgits College of Engineering (Autonomous),Nurturing Autonomy,Kottayam,Q110
Er. SAJAN THOMAS,UG Student,Saintgits College of Engineering (Autonomous),Saintgits College of Engineering (Autonomous),Nurturing Autonomy,Kottayam,Q111
Dr. Jose Joy Thoppan,Assistant Professor,Saintgits College of Engineering (Autonomous),Saintgits College of Engineering (Autonomous),Nurturing Autonomy,Kottayam,Q112
