Name,Designation,Institution,Dept,Event,Place,ID
Prof. (Dr.) K Viswanatha Sharma,Professor,"JNTUH College of Engineering Hyderabad, India","JNTUH College of Engineering Hyderabad, India",Introduction to Nanofluid Heat Transfer,Kottayam,S01
Dr. Jeetu S Babu,Professor,"School of Engineering, Amrita Vishwa Vidyapeetham, Amritapuri, Kerala, India","School of Engineering, Amrita Vishwa Vidyapeetham, Amritapuri, Kerala, India",Computational Methods in Nanofluidics,Kottayam,S02
Prof. (Dr.) V Sajith,Professor,"School of Materials Science and Engineering, National Institute of Technology, Calicut, Kerala, India","School of Materials Science and Engineering, National Institute of Technology, Calicut, Kerala, India",Industrial Applications of Nanofluids,Kottayam,S03
Dr. Shijo Thomas,Professor,"School of Materials Science and Engineering, National Institute of Technology, Calicut, Kerala, India","School of Materials Science and Engineering, National Institute of Technology, Calicut, Kerala, India",Nanomaterials for Solar Thermal Systems,Kottayam,S04
Dr. Jeevanjyoti Chakraborty,Professor,"Indian Institute of Technology, Kharagpur, India","Indian Institute of Technology, Kharagpur, India",Soft Lubrication and Flow through Narrow Deformable Confinements,Kottayam,S05
Dr. Ranjeet Kumar Sahu,Professor,"National Institute of Technology, Surathkal, Karnataka, India","National Institute of Technology, Surathkal, Karnataka, India",Corona Discharge Advanced Manufacturing Technique for Production of Nanofluids and its Application in Thermal Fluid Flow System: A Novel Single-step Experimental Approach,Kottayam,S06
