Gender,What degree program are you pursuing now,Programme,Q1,Q2,Q3,Q4,Q5,Q6,Q7,Q8,Q9,Q10,Q11,Q12,Q13,Q14,Q15,Q16,Q17,Q18,Q19,Q20,OpenQn
Female,Bachelor's,UG - CE,4,4,4,4,4,4,4,4,4,4,4,4,4,4,4,4,4,4,4,4,Interactive class sessions
Male,Bachelor's,UG - CE,4,4,4,4,4,4,4,4,4,4,4,4,4,4,4,4,4,4,4,4,"1. Learning by doing.
2. Conduct more practical sessions
"
Female,Bachelor's,UG - CE,4,4,4,4,4,4,4,4,4,4,4,4,4,4,4,4,4,4,4,4,Nil
Female,Bachelor's,UG - CE,4,4,3,2,3,2,2,3,3,3,3,3,3,3,3,3,4,3,3,4,Nil
Female,Bachelor's,UG - CE,3,3,3,2,3,3,2,3,4,4,3,3,4,4,2,3,4,4,4,4,Practical experience and knowledge can be shared to all.
Female,Bachelor's,UG - CE,3,3,2,2,3,1,2,2,3,3,2,3,1,1,2,2,2,2,3,3,nil
Female,Bachelor's,UG - CE,4,4,4,3,3,3,4,4,3,4,4,3,3,4,4,4,3,3,4,3,Teaching methodology was good and satisfactory
Female,Bachelor's,UG - CE,4,4,4,3,3,4,3,3,3,3,4,4,3,3,4,3,3,3,3,3,Nil
Female,Bachelor's,UG - CE,4,4,4,4,4,4,4,4,4,4,4,4,4,4,4,4,4,4,4,4,nil
Female,Bachelor's,UG - CE,4,4,4,3,3,3,4,3,4,4,4,4,3,3,3,4,4,4,3,4,VERY GOOD
Female,Bachelor's,UG - CE,4,4,4,4,3,3,4,3,3,4,4,4,4,4,4,4,4,4,4,4,nil
Female,Bachelor's,UG - CE,4,4,4,4,3,4,4,4,4,3,3,4,4,4,4,3,4,4,4,4,GOOD 
Female,Bachelor's,UG - CE,4,3,3,3,3,4,2,2,2,3,4,3,3,3,3,3,3,3,3,3,"More practical experience should be provided like summer internship 
"
Male,Bachelor's,UG - CE,4,4,3,3,3,3,3,3,3,3,3,3,3,3,3,3,3,3,3,3,"1.field visit, in case of civil engineering,including teachers and students
2.Technical competition ,Eg drafting plan,Calculation of estimate etc
3.Internships"
Female,Bachelor's,UG - CE,4,3,4,4,4,3,4,3,4,4,4,4,4,4,4,4,4,4,3,4,Nill
Female,Bachelor's,UG - CE,4,4,4,4,4,3,4,3,3,4,3,4,4,4,4,4,3,4,3,3,nil
Female,Bachelor's,UG - CE,3,3,3,3,3,4,3,3,2,3,3,3,3,3,3,3,3,3,3,3,Nil 
Female,Bachelor's,UG - CE,4,3,3,2,3,2,2,3,3,2,3,2,3,2,3,2,3,3,3,3,Give attention to students option about the teaching methods.. Specially design papers 
Male,Bachelor's,UG - CE,3,3,3,3,3,3,2,3,3,3,3,3,2,2,3,3,3,2,3,3,"1.Some subjects are not taken by Apt tutors.
2.Atleast conduct one placement drive for core fields like Civil Engineering in the coming year.
3. Rather than teaching the taught modules only, try to give more exposure to industry oriented training in the carriculm."
Female,Bachelor's,UG - CE,4,3,3,2,3,2,4,3,3,3,3,3,3,1,3,2,3,3,3,3,"Teachers must be much more friendly.
Consider every student."
Female,Bachelor's,UG - CE,4,4,4,4,4,4,3,3,3,4,3,3,3,3,3,4,3,3,4,4,good
Female,Bachelor's,UG - CE,4,4,4,3,4,3,4,3,3,3,4,4,4,4,3,4,3,4,4,4,Nil
Female,Bachelor's,UG - CE,4,3,4,4,4,4,3,2,3,4,4,3,3,3,3,3,3,2,3,3,Nil
Female,Bachelor's,UG - CE,4,3,3,3,2,2,2,2,2,3,3,3,2,2,2,2,2,2,2,2,Nil
Female,Bachelor's,UG - CE,3,3,3,3,3,3,1,2,3,3,3,3,3,3,4,3,3,3,3,2,Nil
Male,Master's,MCA,4,4,4,3,3,4,4,3,3,4,3,3,3,3,3,3,3,3,3,3,Nothing
Female,Bachelor's,UG - CE,4,4,4,3,4,3,4,2,3,3,4,3,3,3,4,3,3,3,2,3,Should provide more practical sessions rather focusing on theory. 
Female,Bachelor's,UG - CE,4,3,3,3,3,3,3,3,3,3,3,3,3,3,3,3,3,3,3,3,"As online classes are ongoing, there are certain concepts that is difficult to grasp fully when taught online. So creating a short and clear video on them alone and sharing it would help."
Male,Bachelor's,UG - CE,4,4,4,4,4,4,4,4,4,4,4,4,4,4,4,4,4,4,4,4,No comments 
Female,Bachelor's,UG - CE,4,3,2,2,4,3,2,3,2,2,2,2,2,2,2,2,2,2,2,2,nill
Male,Bachelor's,UG - CE,4,3,3,3,3,3,3,3,3,3,3,3,3,3,3,3,3,3,3,3,nil
Female,Bachelor's,UG - CE,4,4,4,3,4,3,4,4,4,4,4,4,4,4,4,4,4,4,4,4,Nil
Female,Bachelor's,UG - CE,4,3,4,4,4,3,4,4,4,4,3,4,3,4,4,4,4,4,3,4,nil
Female,Bachelor's,UG - CE,4,3,3,3,4,3,4,3,3,3,3,3,3,3,3,3,3,3,3,4,Nil
Female,Bachelor's,UG - CE,4,3,3,3,3,1,3,2,2,3,3,3,2,3,3,2,2,2,3,3,"Visual aids
Previous year question papers
More examples"
Female,Bachelor's,UG - CE,4,4,4,4,4,3,4,3,3,4,4,3,3,3,3,4,3,4,3,4,It is much better to teach portions in practical oriented manner
Female,Bachelor's,UG - CE,4,4,3,4,3,4,4,3,4,4,4,4,3,4,4,4,4,4,4,4,Nil
Male,Bachelor's,UG - CE,4,3,3,3,3,3,3,3,3,3,3,3,3,3,3,3,3,3,3,3,nil
Female,Bachelor's,UG - CE,4,4,4,4,4,4,4,4,4,4,4,4,4,4,4,4,4,4,4,4,Nil
Female,Bachelor's,UG - CE,4,4,4,4,4,4,4,4,4,4,4,4,4,4,4,4,4,4,4,4,Nil
Female,Bachelor's,UG - CE,4,4,4,4,4,4,4,4,4,4,4,4,4,4,4,4,4,4,4,4,Nil
Female,Bachelor's,UG - CE,4,4,4,4,3,3,3,3,3,4,4,4,4,4,3,4,4,4,3,4,nil
Male,Bachelor's,UG - CS,4,4,4,4,4,3,4,4,4,4,4,4,4,4,4,3,4,4,3,4,"1.Conducting class tests
2.Doubt Clearing sessions
3.One to one interactions"
Female,Bachelor's,UG - CS,3,3,3,3,2,0,1,3,4,4,2,3,3,2,2,3,4,3,1,3,"1. Replace the chalk board with marker boards. 
2. The teachers mostly tap with the duster on the table that causes chalk dust in the classroom which is allergic to many students. So, stop that or promote marker boards.
3. Reprographic centers are most important than snack bars. Instead of building more bakeries in the campus build one more reprographic center in engg campus or one in applied science which is really very mandatory for them. Applied science students are rushing into engg campus for reprographic centers which is so pathetic. It creates extra rush in that single reprographic center in engg campus."
Male,Bachelor's,UG - CS,2,4,4,3,3,3,4,3,4,3,3,3,3,3,4,4,4,4,3,4,Nothing
Female,Bachelor's,UG - CS,4,3,4,3,3,4,4,2,3,4,3,2,1,2,2,3,4,3,4,3,Nil
Female,Bachelor's,UG - CE,4,4,4,3,4,3,4,4,4,4,4,4,3,3,4,4,4,4,4,4,Nil
Female,Bachelor's,UG - CE,4,4,4,4,4,4,4,4,4,4,4,4,4,4,4,4,4,4,3,4,nil
Female,Bachelor's,UG - CS,3,3,2,3,2,2,4,3,4,4,3,2,4,2,2,2,4,3,3,2,nil
Male,Bachelor's,UG - CS,4,3,3,3,4,2,3,2,4,4,4,3,3,3,3,3,4,3,1,3,NIL
Female,Master's,UG - CS,3,4,4,3,3,2,4,3,4,3,4,3,3,2,3,3,4,4,4,3,"Engage practical learning, encourage self learning."
Female,Bachelor's,UG - CE,4,4,3,3,3,3,1,2,2,2,2,3,2,1,3,2,3,3,2,3,"1) provide more field visits to understand the theoretical aspect of studies
2) provide internships during semester breaks to all children 
3) send students for national and international technical fest , both girls and boys equally.
4) Teach the software program needed for job purpose"
Male,Bachelor's,UG - ME,3,4,4,3,3,3,4,4,3,4,2,4,3,4,4,3,3,4,2,4,No suggestions
Female,Bachelor's,UG - CS,3,3,2,2,3,3,3,1,2,2,1,1,1,2,2,1,2,2,2,2,1.Try to make classes more intersting .
Male,Bachelor's,UG - ME,4,3,3,3,3,3,3,3,3,3,3,3,3,3,3,3,3,3,1,3,nil
Male,Bachelor's,UG - ME,4,4,4,4,3,3,3,2,4,3,3,3,3,3,3,3,3,3,3,4,No suggestions
Male,Bachelor's,UG - ME,2,3,3,3,3,1,1,1,3,3,3,3,3,4,3,3,3,3,3,3,Its all good..
Female,Bachelor's,UG - ME,4,3,3,3,3,1,1,2,2,1,3,1,1,1,2,1,1,1,3,3,Nothing 
Male,Bachelor's,UG - ME,4,4,4,4,4,3,3,4,3,4,3,3,4,4,3,3,3,4,4,4,nil
Male,Bachelor's,UG - ME,3,3,3,4,2,3,2,4,3,4,4,4,2,2,1,3,3,3,4,3,Reduce fees during online class
Male,Bachelor's,UG - ME,1,2,1,1,0,0,0,0,0,0,0,0,0,0,0,0,0,0,0,0,Get better well educated teachers in the required field
Female,Bachelor's,UG - CS,3,3,4,3,3,1,3,3,3,3,3,4,3,3,3,3,3,3,3,3,No suggestion
Male,Bachelor's,UG - ME,4,4,4,4,4,3,3,4,4,3,4,3,3,3,2,4,4,4,4,4,Nil
Female,Master's,MCA,4,3,4,3,3,4,4,4,4,4,4,4,4,4,4,4,4,4,4,4,Nothing to say. I am satisfied with the Learning.
Male,Bachelor's,UG - ME,4,4,3,3,3,1,3,3,3,3,3,4,2,2,3,2,2,3,3,3,"Teacher's make student's work for them saying they will support them if any problems or needs, but refuse it when the work is done. They get salary for what the students do. Please do take care if any student work for any faculty, he gets the benefit of what he does. Being a student fooled by such irresponsible faculties, this is my grievance and hope the management will do the needful in such cases. No students will complain in such cases, because they will be worried about their future. "
Male,Bachelor's,UG - ME,4,4,4,4,3,3,3,4,4,3,4,3,4,3,4,4,3,3,4,4,Use more animations and videos to engage the students
Male,Bachelor's,UG - ME,4,3,2,2,3,2,2,2,3,2,3,3,2,2,3,2,3,2,3,3,no comments
Male,Bachelor's,PG - ME,4,3,3,3,1,4,3,2,4,3,3,4,2,2,3,4,3,3,4,3,Nil
Male,Bachelor's,UG - ME,4,3,2,2,3,2,2,2,3,2,3,3,2,2,3,2,3,2,3,3,No
Male,Bachelor's,UG - ME,4,3,3,3,3,3,0,1,2,3,2,3,3,1,2,2,2,2,2,2,Nil
Male,Bachelor's,UG - ME,3,4,4,3,3,3,3,3,2,2,3,2,2,2,2,3,4,4,1,4,"1. Saintgits encourages to participate in extra activities other than studies and that was a great thing
2. The faculties in our department is friendly and supportive.
3. Saintgits was a great platform to explore different thing, and the life in saintgits was fabulous."
Male,Bachelor's,UG - ME,3,3,3,2,2,2,2,2,3,2,3,3,1,1,2,2,3,2,2,2,"1. Good communication with students.
2. Impartial towards all students.
3. More training based curriculum, Internship opportunities, skill enhancement should be prioritised.  "
Male,Bachelor's,UG - ME,4,3,4,3,3,2,1,2,3,3,2,3,2,2,2,2,2,2,2,3,Nill
Male,Bachelor's,UG - ME,3,3,3,2,3,4,1,2,3,1,2,3,2,1,2,3,3,2,3,4,No suggestions
Male,Bachelor's,UG - ME,2,2,1,1,2,1,1,0,3,1,1,1,0,0,2,1,0,0,2,0,nil
Male,Bachelor's,UG - ME,4,3,3,3,3,3,3,3,2,3,3,3,3,3,3,3,3,3,2,2,More interactions
Male,Bachelor's,UG - ME,4,4,4,3,4,3,3,3,4,4,4,3,3,3,4,3,3,3,4,4,"1) more activities can be included in the curriculum apart from written assignments.
2) more activities/programs intended to develop practical skills.
3) promoting self learning process."
Male,Bachelor's,UG - ME,3,3,3,3,3,3,3,3,3,3,3,3,3,3,2,3,3,3,3,3,"Enhance the teacher- student communication
"
Male,Bachelor's,UG - ME,4,4,4,4,3,3,4,3,4,4,3,4,3,3,3,3,4,3,4,3,Nothing
Female,Bachelor's,UG - CS,3,3,4,3,3,4,4,4,4,4,3,3,3,3,4,3,4,4,4,3,Nil
Male,Bachelor's,UG - ME,1,2,1,1,3,3,3,0,2,2,3,1,0,2,1,0,1,1,1,2,"More development is required to bring up experimental and participative learning, sanctioning competitions like SAE Supra, SAE Baja and other such activities with teachers capable to relate it to our syllabus and other such activities. "
Male,Bachelor's,MBA,2,3,2,2,2,3,2,2,2,2,2,2,2,2,2,2,2,2,0,2,Understanding Students Tallent in a specific subject and nourishing that Tallent instead of forcing to get marks for all subjects 
Male,Bachelor's,UG - ME,4,4,4,3,3,3,4,4,4,4,4,3,3,3,4,1,3,3,4,4," Better Communication
• should encourage students to do difficult task"
Male,Bachelor's,UG - ME,4,3,3,3,4,2,3,3,3,2,3,3,2,2,3,3,3,3,4,4," Improving student teacher interactions
* By giving more examples 
* By giving practical informations"
Male,Bachelor's,UG - ME,3,3,3,3,2,0,3,1,4,2,1,2,1,2,2,0,3,4,3,3,"Some subjects such as automobile engineering and material handling were taught in the worst way. Automobile subject was taught even wrong and students were laughing throughout. It affected interests of students in that field. That is my worst experience in the college.

I suggest to move with more indulging assignments which could be a seminar, group discussion or even a 5 mins talk on the given topic and the older paper pen assignments must be ruled out in this online class era.

Final year project conduction and evaluation had partiality. Please see through the sincere efforts put forward by the students and acknowledge them.

The behaviour of some faculties were truly disappointing. I guess it is better to make engineering teaching interesting and enjoyable rather than passing the hardship experience they had to face in their engineering days. This approach will help students to develop a liking or even passion towards engineering rather than feeling somehow ending the course.

I am very grateful and I truly appreciate the institution for providing support on various extra scholastic activities such as Baja, Supra, efficycle, etc...

I am very happy to say that there are many faculties who taught subjects more than just syllabus oriented and had put sincere efforts in making the learning experience really wonderful. I would like to mention their names because they really deserve appreciation. Anilkumar sir, Sajan sir, Arjun sir, Manoj sir, Cherian sir, Jason sir, Amit sir, Sreekumar sir, Mathews sir, etc. I sincerely thank our HOD for all the supports through out this course. Saintgits college is really an amazing engineering college to gain practical knowledge. 

Being said that, the management must conduct regular inspection so that the points I stated at the beginning wont happen to the coming batches. 

Thank you😄
"
Male,Bachelor's,UG - CE,4,3,4,2,4,3,3,3,3,3,3,3,3,3,3,3,3,3,3,3,nil
Female,Master's,MCA,4,3,4,4,4,4,4,4,4,4,4,4,4,4,4,4,4,4,4,4,none
Male,Bachelor's,UG - ME,4,4,4,4,4,4,2,3,3,3,4,4,4,4,3,3,3,3,3,3,"Promoting more interships that helps to improve the practical knowledge of students.
*Utilizing the advanced teaching methods or giving more importance to visual means of teaching like videos, animations etc. 
* Need to give more importance to develop the practical knowledge of students apart from what they gain through books.
"
Male,Bachelor's,UG - CS,4,4,3,4,4,2,3,3,4,4,3,4,3,3,3,3,4,4,4,4,"Very Positive minded faculty, encourages every student to move on, very helpful when doubts or idea suggestions are asked"
Male,Bachelor's,UG - ME,4,4,3,4,4,4,2,4,4,3,4,4,3,3,4,4,3,3,4,4,"Discuss about carrer orientation activies
Soures to learn more about subjects
Regular meeting with students"
Male,Bachelor's,UG - ME,4,3,4,3,3,3,4,3,3,4,3,2,3,4,3,3,3,3,3,3,Overall good
Female,Bachelor's,UG - ME,4,3,3,3,3,3,4,3,3,3,2,3,2,3,3,3,3,3,4,3,"
Teachers should identify the skills of the students and encourage to develop it.
Internal marks and other assessments during the pandemic situation should be done considering the previous perfomances."
Male,Bachelor's,UG - ME,3,3,3,3,4,2,0,1,2,4,3,3,0,0,2,2,0,1,2,2,"Better one-on-one sessions with batches of 10 or 20
•instead of instilling fear and doubt, procreate better thought and understanding, without hassling into fields of discomfort and most of all with less prejudice (these are students,not your colleagues)
•if it really mattered,  take opinions during the course not after in such useless activities to show participation "
Male,Bachelor's,UG - ME,4,4,3,3,3,2,3,3,3,3,2,3,2,2,2,2,2,2,2,2,No comments
Male,Bachelor's,UG - CS,1,3,4,3,3,3,3,3,3,3,3,3,3,3,3,3,3,3,2,3,all good
Female,Bachelor's,UG - CS,3,3,3,3,3,3,3,3,3,3,3,3,3,2,3,3,3,3,2,3,Nothing special 
Male,Bachelor's,UG - ME,4,4,4,4,4,2,3,3,3,4,4,4,4,4,3,3,3,3,3,3,Should try to observe the side of students
Male,Bachelor's,UG - ME,4,4,3,3,3,4,3,3,3,3,3,3,3,3,3,3,3,3,3,3,"More practicals 
"
Male,Bachelor's,UG - ME,4,4,4,4,4,4,4,4,4,4,4,4,4,4,4,4,4,4,4,4,none
Male,Bachelor's,UG - ME,4,4,4,4,3,2,3,3,3,3,3,3,3,3,4,4,4,4,4,4,Make sure that students are in contact with learning process with their subjects co-ordinators 
Male,Bachelor's,UG - ME,3,3,3,3,3,3,3,2,2,3,3,2,3,2,3,3,3,3,3,3,"Online learning is not that much effective.
Just try to make it offline ASAP."
Male,Bachelor's,UG - ME,4,3,3,3,3,4,0,1,4,1,2,1,0,0,0,0,0,0,0,3,"Teach the student in student perspective.
"
Male,Bachelor's,UG - ME,4,4,4,4,4,3,3,3,3,3,3,3,3,3,3,3,3,4,3,3," Teachers should encourage more to participate in extracurricular activities.

The teachers should take more effort to illustrate the concepts through examples and applications."
Female,Bachelor's,UG - CS,4,3,3,2,3,2,4,2,3,3,2,3,2,2,2,2,3,3,3,2,Should include more offline classes. Should provide gap between internal exams data. 
Female,Bachelor's,UG - CS,4,3,3,3,3,3,4,3,3,3,3,4,4,4,3,4,4,4,3,3,Need offline classes
Male,Bachelor's,UG - ME,3,3,3,2,3,2,3,3,3,3,3,2,0,1,2,1,2,1,2,2,Special attention must be given to academically Weak students. Extra curricular activities which enhance the employability skills of students must be introduced. Teachers must be able to evaluate the strengths and weaknesses of students 
Male,Bachelor's,UG - ME,4,4,4,4,4,2,1,3,2,2,3,3,1,1,1,1,2,0,4,2,"Faculties from mechanical department are very friendly and loyal to students. But the management is not. They also have responsibility in improving student capabilities in other extra curricular activities. Giving a good external look to the college campus building is not enough, they must also ensure other programs for character development are also be taken care of. "
Male,Bachelor's,UG - ME,4,3,1,1,0,2,1,0,3,3,2,1,1,0,2,2,0,1,2,2,"As a student from this college i expected a better teaching learning experience from this institution. As technologies evolve, even the teaching should evolve and  be made interesting. There were a few teachers who taught us with sincerity and made class interesting for us.
Other teachers just expect us to mug up and score marks and does not motivate us to have a liking towards the subject. And those who score better marks the teachers show partiality towards them and won't help the weaker students to get better and eventually they lose the little interest they had in the subject."
Female,Bachelor's,UG - CS,2,3,4,4,4,4,4,2,3,3,2,2,2,1,2,2,2,3,3,2,Good
Female,Bachelor's,UG - CS,4,3,3,3,2,2,2,2,4,3,3,3,3,3,3,3,2,3,3,3,.
Male,Bachelor's,UG - ME,4,4,4,4,4,4,4,3,3,4,4,4,4,3,3,3,3,3,3,4,Now its good.No further suggestions.Overall good 
Male,Bachelor's,UG - CS,4,4,4,4,4,4,3,4,4,4,4,4,3,4,4,4,4,4,4,4,Nil
Male,Bachelor's,UG - ME,4,4,3,3,3,4,2,2,2,4,4,3,3,3,2,3,4,4,4,3,Use of microphone could be able for faculties to deliver their voice in the entire class.
Female,Bachelor's,UG - CS,3,3,4,3,3,3,4,4,4,3,3,2,3,3,4,4,3,4,3,4,Contact classes and Interaction.
Female,Bachelor's,UG - CE,4,4,3,3,3,4,4,4,4,4,4,4,4,4,4,4,4,4,4,4,Nil
Female,Bachelor's,UG - CS,4,4,4,4,4,4,4,4,4,4,4,3,4,4,4,4,4,4,4,4,Nothing to improve
Male,Bachelor's,UG - ME,4,3,3,2,4,2,1,2,2,3,1,2,0,0,1,0,2,2,3,2,"helping student understand their field of interest and help them work towards it.
helping then achieve skills required to work in their field of interest.
"
Male,Bachelor's,UG - CS,3,2,0,0,1,0,0,0,2,0,4,0,0,0,0,0,0,1,0,0,"Conduct offline classes
Reduce student workload
Give freedom students (Pilleru Parakkatte)"
Female,Bachelor's,UG - CS,4,3,4,3,3,4,4,4,4,4,3,3,4,4,4,4,4,4,3,4,Good
Female,Bachelor's,UG - EEE,4,4,4,4,3,4,4,4,4,4,4,4,4,4,4,3,4,4,4,4,"1)By increasing the experimental learning-teaching even more.
2) field trips and internships makes learning more fun. 
3) by giving little breaks in between long lectures to freshen up our brains"
Male,Bachelor's,UG - CS,4,3,3,3,4,3,4,4,4,4,4,3,3,3,3,3,3,4,4,3,good
Female,Master's,MCA,4,3,4,3,3,2,3,2,3,2,2,3,2,2,2,3,2,2,4,3,"Good communication with students
Understand the "
Female,Bachelor's,UG - CS,3,3,3,3,4,3,4,4,4,4,4,3,3,3,4,4,4,4,3,4,More events 
Male,Bachelor's,UG - ME,4,3,3,3,4,3,4,4,4,4,4,4,4,4,4,3,3,3,3,3,"1.Reduce paper works, theory teaching and focus more on practical and real life industrial studies mainly .
2. More placements companies from core stream."
Female,Bachelor's,UG - EEE,4,4,4,4,3,4,4,4,3,4,3,3,3,3,4,3,3,4,4,4,* Dedicated attitude of faculties
Male,Bachelor's,UG - CE,4,4,4,4,4,4,4,4,4,4,4,4,4,4,4,4,4,4,4,4,Overall great. No suggestions
Male,Bachelor's,UG - ME,3,3,3,2,2,3,3,2,1,4,3,3,0,1,2,0,0,2,4,2,"I got more than just 3, but for the sake of it, I will keep in short.
1. Teachers should stop bringing personal issues on grading a students efforts. They have gone through the same issues and use that as an excuse to do so. For eg. saying ""even when I was in college, teachers did this"". That is not a valid excuse for intentionally giving an unfair grade to a student. This was not just noted by me, but by most of my colleagues, seniors and juniors too. Let me prove my point with an example. We have a teacher named ""Mr. Sajeev"" in the Mechanical Dept. He was our lab instructor in S3, S4 and S5, and also one of the jury member in our Project presentations. He always uses his personal grudges and vendettas against students to single them out and unfairly grade and test them. Most times it is very much clear he is pretentious and doesn't know facts. He targets people based on his ""assumptions"" on one's character, which is always wrong. Many students have had their record books torn and ripped on the last day and given one or two days to rewrite just because he ""assumes"" they have copied, which again is not true. Students accept the consequences of their actions, but not unfair judgement by someone who clearly shows his low standards to students. He has always given us an idea of him as someone who thinks they have a superior power over us just because who controls our grading. There are a few teachers who do the same, but Mr. Sajeev has been consistent in his unprofessional and unfair behavior toward students.

2. Teachers have solely focused on theory. This is, at least in my opinion, a very primitive system. Also, I understand, the teachers are not at fault here, it is the governing university. As someone who is in Mechanical Engineering, we have had a combined lab work hours that is ridiculously small. Also, the lab equipment we work with is very outdated. Everything nowadays is digitized and we still work on the basic analogue models, which increases time and effort unnecessarily. Moreover, it is clearly noticeable the curriculum does not care about the practical skill of a student. groups of 7 to 8 students work on one apparatus and all the time its 1 or 2 people in the group doing the work while others do not get the opportunity to try. I understand the usefulness of theory, but practical should not be disregarded to such an extent. A graduate of the current system would barely know anything related to practical skill, unless they personally do an additional course outside the college. Theory is also mostly outdated. The entire college education system must be modernized to stand at the level of different engineering institutes around the world, so as to provide the student with a bachelors degree that prove a students skill as much as a degree from another reputed engineering institute else where in the world.

3. Extra curriculars and additional skill development courses must not just be encouraged, but also provided the college. A student pays a huge amount of fee, just to cram up a textbook and blurt it out on a paper. A college must train a student to be a skilled worker. Extra curricular activities such as sports, cultural programs etc. and tech related training such as machine work, mechanical work etc. must be part of the training provided by the college. Colleges are run mostly like schools. There must be at least a 50-50 ratio for Education-Skill development/Extra-curriculars. Extra-curricular activities and skill development courses will be an efficient and effective way of stress release from the education part of their college lives. Our college provides one such skill development course, that is the Baja club. The demerits of that is it is expensive for many students. More affordable or free courses must be provided by the college. "
Female,Bachelor's,UG - CE,4,3,3,1,3,2,2,2,2,2,2,2,1,1,1,1,1,1,4,2,.
Male,Bachelor's,UG - ME,4,4,4,4,3,2,2,0,2,2,2,2,2,2,2,2,2,2,3,3,"Mentors allotted to students from college should be ensured to fullfill  their duties because a poor mentorship can make all other systems ineffective.
Assignment which can make the students brain work rather than making their hands tire would be better. Writing answers for all the previous question papers can certainly increase the pass percentage and i don't see any other use
Elective subjects should be handled better for third and fourth year students. Students choose papers like automobile out of pure interest for the subject. Infact many might have choosen BTech mechanical for learning automobile and if they learn nothing from automobile paper( an elective ) their 4 year btech may look like a waste of time and resources. "
Male,Bachelor's,UG - ME,4,4,4,4,4,4,4,4,4,4,4,4,4,4,4,4,4,4,4,4,.
Female,Bachelor's,UG - EEE,4,3,3,3,4,2,4,4,4,3,4,3,4,3,3,2,4,4,2,4,Maintaining good Mentor-Mentee relationship
Male,Bachelor's,UG - CS,2,3,2,2,2,3,2,2,2,2,3,2,2,2,2,3,2,3,2,3,"Speed, change work load from students, use english language all the time"
Male,Bachelor's,UG - CS,4,3,2,2,3,2,3,1,2,1,2,2,1,1,1,1,3,3,2,2,"Its okay
"
Female,Bachelor's,UG - CS,4,4,4,4,4,4,4,4,4,4,4,4,4,4,4,4,4,4,4,4,Nothing 
Male,Bachelor's,UG - CS,3,3,3,3,3,2,4,4,4,4,4,2,3,2,3,3,4,3,4,3,nil
Female,Master's,PG - CS,3,4,4,3,3,2,4,3,4,3,3,4,3,3,3,3,3,3,4,3,"Engage in practical session
encouragement in self learning 
"
Female,Master's,PG - CS,4,4,3,3,4,4,4,4,4,4,4,4,3,3,4,4,4,4,4,4,"More industry oriented tasks and practices.
Industry relevant subjects and syllabus.
Less theory and more hands on."
Female,Bachelor's,UG - CS,4,3,4,3,3,2,3,3,3,3,3,3,3,3,3,3,3,3,4,3,Better communication and More time in teaching
Female,Bachelor's,UG - CE,4,3,3,3,3,2,2,3,3,2,2,2,2,2,3,3,4,2,4,3,Nil
Male,Bachelor's,UG - ME,4,4,3,3,3,3,3,3,3,3,3,4,3,3,3,3,3,3,3,4,NIL
Female,Bachelor's,UG - CE,4,3,3,3,3,3,2,3,3,3,3,2,2,2,3,3,2,2,3,3,nil
Female,Bachelor's,UG - CS,4,3,3,3,3,2,4,4,4,4,2,3,3,4,4,4,3,4,4,3,nil
Female,Bachelor's,UG - CE,4,4,4,4,4,4,4,3,4,3,4,4,4,3,4,4,4,4,4,4,-
Male,Bachelor's,UG - ME,4,4,4,4,4,3,4,3,4,4,4,4,3,3,4,3,4,4,4,4,"Giving more emphasis  on practical education, Providing job opportunities  by conducting more placements "
Female,Bachelor's,UG - CS,4,3,3,3,4,3,4,3,3,3,3,3,3,2,3,3,2,2,3,3,.
Female,Bachelor's,UG - CS,3,4,4,3,4,3,4,4,4,3,4,4,3,3,4,4,4,3,4,4, 
Female,Master's,PG - CS,3,3,4,3,4,1,4,3,4,3,3,3,3,3,4,4,4,4,4,4,"Include more practical oriented learning
Conduct more skill oriented programs
"
Female,Bachelor's,UG - CS,4,3,3,2,3,1,3,2,2,2,2,2,1,1,2,1,2,2,1,2,All is good overall!
Male,Bachelor's,UG - ME,4,4,3,2,3,1,1,3,2,2,4,3,0,0,2,1,2,1,2,2,.
Male,Bachelor's,UG - ME,4,3,4,4,4,3,2,2,2,3,3,3,2,2,2,3,3,2,4,3,Offline classes are better
Female,Bachelor's,UG - CS,4,3,2,2,2,1,3,2,3,2,3,2,2,1,2,2,3,3,4,3,involve more student centric methods while teaching.
Female,Bachelor's,UG - CS,3,3,2,1,2,3,4,2,3,4,4,2,2,1,2,2,4,3,3,2,Nil
Male,Bachelor's,UG - ME,4,4,4,4,4,2,4,3,4,3,2,3,3,1,2,2,3,4,3,3,"1. Should treat each student as his/her own persona and develop them a manner in which they would be successful not just the institution.
2. Revise the syllabus and teach modern advanced technologies by mentioning the old technologies only as examples.
3. Try to give students awareness of general topics which could help them when they face situations. eg: tax filing, road safety, women safety etc."
Male,Bachelor's,UG - CE,4,3,3,2,3,3,3,2,3,3,3,3,3,3,3,3,2,2,2,3,Nil
Male,Bachelor's,UG - ME,4,3,3,0,3,3,0,2,3,2,3,3,3,2,2,3,3,3,2,3,Use animation in teaching
Female,Master's,PG - CS,4,4,4,4,4,4,4,4,4,4,4,4,4,4,4,4,4,4,4,4,"1.Ensureing stable internet connection for every students during online class will be helpful.
2.giving vedio lecture will be more benifical.
3.please inform some good online certification cource based on the subject..it will be more benifical for us to go through it."
Female,Bachelor's,UG - CE,4,4,4,3,4,2,3,3,3,4,3,3,3,3,3,3,2,3,1,3,"More interactive sessions 
Should facilitate more effective online sessions
Should evaluate the assignments thoroughly and progress of the students more often"
Male,Bachelor's,UG - ECE,4,3,3,4,4,4,4,4,4,4,4,4,4,4,4,4,4,4,4,4,"Periodic tests or recap
Proper notes
No over-explanation"
Male,Bachelor's,UG - ECE,4,4,1,4,2,4,3,4,4,4,4,4,4,4,4,4,4,4,1,4,no comments
Female,Bachelor's,UG - ECE,4,4,4,4,4,4,4,4,4,4,4,4,4,4,4,4,4,4,4,4,Nothing
Male,Bachelor's,UG - CE,4,3,2,2,3,3,3,2,3,4,3,3,3,3,3,3,3,3,3,3,Nil
Male,Bachelor's,UG - CS,4,4,4,4,4,4,4,3,4,4,4,3,2,1,2,2,1,2,3,3,"Interact with students more time, promote students extracurricular activities especially in sports"
Female,Bachelor's,UG - ECE,4,3,3,3,3,3,2,3,3,3,4,3,3,3,3,3,2,3,3,4,"Totally good atmosphere ,Need to get to know more about the students ,Please consider every students in the class equally ."
Female,Bachelor's,UG - ECE,4,3,3,3,4,2,3,2,3,3,3,3,2,3,3,2,3,3,3,3,"A practical based mode of teaching would be better for the students to understand the concepts better, especially since we are being taught through online classes. Videos illustrating concepts can be used for  better understanding."
Female,Bachelor's,UG - CS,3,3,3,2,3,2,2,2,3,3,3,3,2,2,2,2,2,2,3,2,.
Male,Bachelor's,UG - CS,3,3,2,2,4,1,3,2,3,2,2,3,2,1,3,3,4,3,4,3,Nil
Male,Bachelor's,UG - CS,2,3,2,3,3,2,4,3,3,4,4,3,3,3,3,3,4,4,4,3,"Sometimes internet connectivity issues happen, we wont be able to hear the teacher clearly. It's a major issue in online learning. No proper way to solve it."
Female,Bachelor's,UG - CS,3,3,2,2,3,2,3,3,3,3,3,3,3,3,3,2,3,3,3,3,"give lecture notes other than ppt's , reduce the speed of teaching, interactive teaching"
Male,Bachelor's,UG - CS,4,4,4,4,4,4,4,4,4,4,4,4,4,4,4,4,4,4,4,4,Nil
Male,Bachelor's,UG - CS,3,4,3,3,4,4,4,4,4,4,4,3,3,3,4,4,4,4,4,3,"1,Reduce the time allotted for each subject in the online class.
"
Female,Bachelor's,UG - ECE,4,3,3,2,4,3,4,1,2,4,1,1,2,0,0,0,3,2,1,2,NA
Female,Bachelor's,UG - CS,4,4,4,4,4,4,4,4,4,4,4,4,4,4,4,4,4,4,4,4,Satisfactory 
Female,Bachelor's,UG - ECE,4,4,4,3,3,3,4,3,3,3,3,3,3,3,3,4,3,3,3,3,Make course  expectations clear and  based on learning outcomes
Male,Bachelor's,UG - CS,4,4,4,4,4,3,4,3,4,4,3,4,4,4,4,4,4,4,4,4,none
Male,Bachelor's,UG - CS,3,3,3,2,3,3,3,3,3,3,2,3,3,3,3,2,3,3,1,3, 
Male,Bachelor's,UG - CS,2,4,4,3,3,4,4,4,4,4,3,4,4,4,4,4,3,4,3,4,Nothing to mention
Male,Bachelor's,PG - CS,1,4,4,3,4,3,3,3,3,3,3,4,3,3,2,2,3,3,3,3,Nothing
Female,Bachelor's,UG - CS,4,4,4,3,4,3,4,4,4,4,4,4,3,3,3,3,4,3,3,4,Nil...
Male,Bachelor's,UG - CS,3,4,4,3,4,4,4,4,4,4,4,4,4,4,4,3,4,4,4,4,"Conduct more extracurricular activities.
Promote self study."
Female,Bachelor's,UG - CS,3,3,4,3,4,3,4,3,4,4,4,4,3,3,4,3,4,4,3,3,Nothing specific 
Male,Bachelor's,UG - CS,3,3,3,3,3,3,3,3,3,3,3,3,3,3,3,3,3,3,3,3,More interactive and effective
Female,Master's,PG - ECE,4,4,4,4,4,4,4,4,4,4,4,4,4,4,4,4,4,4,4,4,The institution is having a very good and well maintained ambience. Student teacher relationship is very nice so that students can ask doubts and clarifications to the faculties freely. Overall teaching and learning experience is good. Also expecting some job oriented training.
Male,Bachelor's,UG - CS,2,3,2,1,2,1,4,1,2,2,1,1,2,2,1,0,4,3,2,3,"1. Reduce class time
2. have legible handwriting
3. speak louder and clearer"
Male,Bachelor's,UG - CS,4,3,2,3,2,4,3,2,2,2,3,2,3,3,2,2,2,2,3,3,None
Female,Bachelor's,UG - CS,4,4,3,3,4,3,4,3,3,3,3,3,3,1,4,4,3,4,4,3,"Make us know how to work in an office environment,
What is the exact job that we do,
"
Male,Bachelor's,UG - ME,2,3,2,2,1,2,0,1,2,1,1,1,1,1,1,1,1,1,0,1,nil
Female,Bachelor's,UG - CS,2,3,3,3,3,2,4,2,3,3,3,3,3,2,3,2,2,3,3,3,"1) Give more Problems to solve
2) Improve the teaching flow
3) Teach in a moderate speed without rushing"
Female,Bachelor's,UG - ECE,4,3,2,2,4,3,4,4,4,4,3,3,4,4,4,4,4,4,3,4,Nil
Female,Bachelor's,UG - CE,4,4,3,3,4,3,3,3,3,3,3,3,3,3,3,3,3,3,3,3,"Outdoor learning, experimental learning, more interactive sections"
Female,Bachelor's,UG - CS,4,3,3,3,3,3,3,3,3,4,3,3,4,4,3,4,3,4,4,3,Overall teaching-learning experience is good
Female,Bachelor's,UG - CS,3,4,4,3,4,3,4,4,4,4,4,4,4,3,4,4,4,4,1,4,Nil
Female,Bachelor's,UG - ECE,4,3,3,2,3,3,4,2,3,4,4,4,4,4,4,4,3,4,3,4,"1. Much more importance can be given to the mental health of students. 
2. Work load like assignments can be reduced. 
3. Series examination duration of 2.5hr should be reduced to 1-1.5hr. As many students are facing post covid 19 treatments/suffering from covid. Sitting for a long duration is very exhausting for them. "
Female,Bachelor's,UG - ECE,4,3,3,2,3,3,4,2,3,4,4,4,4,4,4,4,3,4,3,4,"1. Much more importance can be given to the mental health of students. 
2. Work load like assignments can be reduced. 
3. Series examination duration of 2.5hr should be reduced to 1-1.5hr. As many students are facing post covid 19 treatments/suffering from covid. Sitting for a long duration is very exhausting for them. "
Male,Bachelor's,UG - CS,2,3,2,3,2,1,3,3,2,2,3,3,2,3,2,1,0,0,1,2,Clases can be more interactive to learn nore.
Male,Bachelor's,UG - CS,2,3,3,2,3,3,3,3,2,3,3,2,2,2,2,2,3,2,2,2,.
Male,Bachelor's,UG - CS,4,4,3,3,3,2,4,3,4,4,4,3,3,3,4,3,3,4,1,3,Nil
Male,Bachelor's,UG - CS,4,4,4,4,4,4,4,4,4,4,4,4,4,4,4,4,4,4,4,4,NONE
Female,Bachelor's,UG - CS,3,3,4,2,3,3,2,2,3,3,3,3,3,2,3,3,3,3,2,3,All good
Female,Master's,MCA,3,3,3,3,3,3,3,3,3,3,3,3,3,3,3,3,3,3,3,3,Nil
Female,Master's,MCA,4,4,4,4,4,4,4,4,4,4,4,4,4,4,4,4,4,4,4,4,Everything is fine.
Male,Master's,MCA,4,3,3,3,2,2,2,2,2,2,2,2,2,2,2,2,2,2,3,2,No suggestions
Female,Master's,PG - ECE,4,4,4,4,4,4,4,3,3,3,4,3,3,3,4,4,4,3,3,3,Include more initiatives from first year onwards to reduce the industrial gap of students.
Female,Master's,MCA,4,3,4,3,3,3,3,4,3,3,3,3,3,4,3,3,3,3,3,3,Nil
Female,Bachelor's,UG - CS,3,3,3,2,2,2,2,2,3,3,2,3,2,1,3,2,3,3,3,3,.
Female,Master's,MCA,4,4,4,3,4,3,4,3,4,4,4,3,4,4,4,4,4,4,4,4,Nothing
Female,Master's,MCA,4,3,3,3,3,4,3,2,4,4,2,4,3,3,3,4,4,4,4,4,Overall good experience
Female,Master's,MCA,4,3,4,3,2,2,3,3,3,3,3,3,3,3,3,3,3,3,2,3,Nil
Female,Master's,MCA,4,3,3,3,3,3,3,3,3,4,3,3,3,2,3,3,3,3,3,3,"Ask them to take a topic for self-learning.
Give them assignments that need a lot of research, reading and analytical skills.
Ask them to create a questionnaire from their syllabus."
Female,Bachelor's,UG - CE,4,4,4,4,4,3,4,4,4,4,3,4,4,4,4,4,4,4,4,4,nil
Male,Bachelor's,UG - CS,2,3,4,3,4,3,3,3,3,3,4,4,3,2,3,3,3,3,2,3,good
Female,Master's,MCA,3,4,4,4,3,4,4,3,4,3,3,4,4,3,4,3,4,4,3,4,"1) Use better graphics  and visual media to engage students well.
2) Try to reach every students and ask their doubts.
3) Make a teaching a two way interaction."
Female,Master's,MCA,4,3,4,3,1,3,4,3,4,3,4,3,3,3,3,3,3,3,2,3,none
Female,Master's,MCA,4,3,4,2,3,3,3,3,3,3,3,3,2,3,3,3,3,3,3,3,Nothing much
Female,Master's,MCA,4,3,4,3,3,2,3,3,4,3,3,4,3,3,3,3,3,4,4,4,Nothing
Female,Master's,MCA,2,3,3,2,3,4,4,2,3,4,2,3,3,3,3,3,3,3,3,3,good
Female,Bachelor's,UG - ECE,4,3,2,2,3,3,3,2,3,3,3,3,3,2,3,3,3,3,3,3,Ensure students are present during classes. Like tell them to turn on vedio for while.
Male,Master's,MCA,4,4,3,4,3,3,4,4,4,3,3,4,4,4,4,4,3,3,4,4,"1.Try to include more tutorial sessions for practical classes
2.Try to maintain a repository for all the study materials
"
Female,Master's,MCA,4,3,3,3,3,3,4,4,3,3,3,3,3,3,3,3,3,3,3,3,Nothing
Female,Master's,MBA,4,4,4,4,4,4,4,4,4,4,4,4,4,4,4,4,4,4,4,4,Nil 
Female,Master's,MBA,4,4,4,4,3,2,3,4,4,4,4,4,4,3,3,3,4,4,4,3,"More activities to understand the students capabilities need to be introduced.

The strengths and weaknesses of the students should be understood and efforts should be taken to improve them.

The personal problems if any are faced by the students should also be given keen importance.  "
Male,Bachelor's,UG - CS,3,3,2,2,2,3,4,3,4,3,3,3,3,2,3,2,3,3,3,3,"Current exams system could be better.
Online system needs a rework"
Female,Master's,MBA,4,4,4,4,4,4,4,4,3,4,4,4,4,4,4,3,4,4,4,4,Nil
Female,Master's,MBA,4,4,4,3,3,2,3,4,4,4,3,3,3,3,4,3,3,3,4,4,Be more friendly while teaching
Female,Master's,MCA,4,4,4,4,4,4,4,4,4,4,4,4,4,4,4,4,4,4,3,4,Try to reach every student and ask for their doubts.
Female,Master's,MBA,4,3,3,3,3,3,2,3,4,3,3,3,3,2,3,3,3,3,4,4,Nil
Female,Master's,MBA,4,4,4,4,4,4,3,3,4,4,4,4,4,3,4,4,4,4,4,4,"conducting seminars, ascertain certain task related to particular module"
Female,Master's,MBA,4,4,4,3,3,2,4,3,3,4,4,3,3,3,3,3,4,4,4,3,NA
Female,Master's,MBA,4,4,4,4,4,3,4,3,4,4,4,4,3,3,4,3,4,4,4,4,"Updating teaching methods
More student engagement
Effective course content
"
Female,Master's,MBA,4,3,3,3,3,3,3,2,2,3,3,2,3,3,3,3,3,3,3,3,"The learning experience has been good. But regarding placements offered by the college there needs to be improved as specialization based offers are less. Also, once a student gets placed in a company, he/she should be allowed to sit for another placement only if necessary as there would be many other students who have not got placed in a single company despite having the right caliber. There has been various cases wherein students get placed in 2-3 companies."
Male,Master's,MBA,4,4,3,3,4,3,4,4,3,3,4,3,3,3,4,3,3,3,4,4,"Know the student than the syllabus, diversify activities, improve entrepreneurial activities."
Female,Master's,MBA,3,3,4,3,3,2,3,3,3,2,4,3,4,3,3,3,3,3,3,3,Specialization based placements should be improved
Female,Master's,MBA,4,3,3,3,3,3,3,3,4,4,3,3,3,3,3,3,3,2,3,3,More intractive
Male,Bachelor's,UG - CS,1,4,3,4,4,3,4,3,4,4,4,4,3,3,3,4,4,3,3,4,Nil
Female,Bachelor's,UG - CS,4,4,4,4,4,3,3,3,3,4,4,4,3,4,3,3,3,3,3,4,"1. It is more beneficial when it's offline classes. So they can think of limiting the hours in online mode
2. Can encourage more to make use of extra learning
3. Nothing more to do"
Female,Master's,MBA,4,3,3,3,4,3,2,3,3,4,4,3,0,2,2,2,3,2,2,3,"1. Emphasis should be more on practical or applied learning.
2. Case study methods should be used more often.
3. Recent news or real time incidents should be discussed and related to every subject being taught."
Male,Bachelor's,UG - CS,4,4,4,3,3,3,4,4,3,3,4,4,3,3,2,3,4,3,4,4,"1. College authorities considering the requests put forward by the students
2. The decisisons of the college authorities making it difficult for the students"
Female,Master's,MBA,4,4,4,4,4,4,4,4,4,4,4,4,4,4,4,4,4,4,4,4,"Nothing to improve ,Everything is Satisfied"
Female,Master's,MBA,4,4,4,3,4,3,3,4,4,4,4,4,3,2,2,3,4,4,4,3,"1. Encourage students very much
2. The facilities need to find where the students lack their skills
3. Make the online classes more interesting"
Female,Master's,MBA,4,4,4,4,4,3,4,4,4,4,4,4,3,4,4,4,4,4,4,4,"Give more attention to weaker students, Update parents weekly about performance of their ward and Show videos in between the classes to make it more interactive. "
Female,Master's,MCA,4,4,4,4,4,4,4,4,4,4,4,4,4,4,4,4,4,4,4,4,I feel they are doing the best. 
Male,Master's,MBA,4,3,4,3,3,4,3,4,4,3,4,4,4,4,4,4,4,4,4,4,overal it is good
Female,Bachelor's,UG - CS,4,4,4,4,4,4,4,4,4,4,4,4,4,4,4,4,4,4,3,4,Offline mode learning  is better than online mode learning. Nothing else's. 
Male,Master's,MBA,3,3,2,2,3,2,2,3,3,3,3,2,2,3,3,2,4,3,3,3,"Be more friendly to students
Provide more applicational examples
Be more helpful to students "
Female,Master's,MBA,4,4,4,4,4,4,4,3,3,3,3,3,3,4,4,4,4,3,3,4,Satisfied with teaching
Female,Master's,MBA,4,3,4,3,3,3,4,2,3,1,1,3,1,0,0,1,1,1,2,3,Have persinal mentoring
Male,Master's,MBA,4,4,4,4,4,4,4,4,4,4,4,4,4,4,4,4,4,4,4,4,"Well qualified faculties.
Excellent teaching.
Good Institution."
Male,Master's,MBA,4,4,4,4,3,3,3,4,4,4,4,4,4,4,4,4,4,4,3,3,I overall satisfy with the overall teaching-learning experience in your institution
Female,Master's,MBA,4,3,3,3,3,2,3,3,3,3,3,3,2,2,3,2,3,3,2,3,"1) Teachers should understand the students weaknesses and help them to overcome it.
2) Institution must focus more  on developing the skills required for the students to adjust in the corporate world.
"
Female,Master's,MBA,3,3,3,2,2,1,1,1,1,1,2,3,2,0,1,1,0,2,4,2,There no absolute mental support from teachers all are just pretense in pleasing the higher authorities. The more constructive criticism is talked about the more they show their arrogance in teaching and evaluation. They always find reasons to misinterpret and its never a student oriented place. Disappointed but helpless.
Female,Bachelor's,UG - CS,3,4,4,4,3,3,4,4,4,4,3,4,3,3,4,4,4,4,4,4,Overall Good Learning experience
Female,Bachelor's,UG - CS,3,4,4,4,4,3,4,4,4,4,4,4,4,4,4,4,4,4,3,4,Nil
Female,Bachelor's,UG - CE,4,3,3,3,3,3,3,3,3,3,3,3,3,3,3,3,3,3,3,3,Nil
Female,Master's,MBA,4,3,3,3,3,1,4,3,3,4,4,3,3,1,2,1,3,2,1,3,Nothing
Female,Master's,MBA,4,3,3,3,4,3,4,3,3,4,4,3,4,3,3,2,4,3,4,3,"Due to online class for the last 1 year, teachers and students could not interact much. The classes became monotonous. The extra curricular activities got eliminated due to everyone being in remote places. It seems hard to manage classes in order like before yet the teachers are doing a good job. I hope the classes become more interactive and fun like before (offline classes) for the next batch of SIM."
Female,Master's,MBA,4,4,4,4,4,4,4,4,4,4,4,4,4,4,4,4,4,4,4,4,Can be more interactive
Female,Master's,MBA,4,3,4,3,3,3,4,4,3,3,4,3,3,2,3,3,3,3,2,3,Improve communication 
Female,Bachelor's,UG - FT,4,4,4,4,4,3,3,3,4,4,4,4,3,3,3,4,3,4,4,3,Nil
Female,Bachelor's,UG - FT,4,3,3,2,3,3,2,3,3,3,3,3,2,3,3,3,3,3,4,3,"Involving students in teaching, Invove more practical sections."
Female,Bachelor's,UG - FT,4,3,3,3,4,3,2,2,3,4,3,3,3,3,3,2,3,2,3,3,Povide more practical section 
Female,Bachelor's,UG - FT,3,3,3,3,4,2,2,3,3,4,3,3,4,3,3,3,3,4,4,3,"1) Make the classes more interactive and encourage student participation.
2) Give more insight into the practical side of what is learning.
3) Encourage students to explore new developments in their field."
Male,Bachelor's,UG - FT,4,4,4,4,4,4,4,4,4,4,4,4,4,4,4,4,4,4,4,4,Nothing
Female,Bachelor's,UG - FT,4,4,4,3,3,3,4,3,4,4,3,3,4,4,3,3,4,4,3,4,"More industrial Visits
S"
Female,Master's,MBA,3,3,2,3,3,2,2,3,3,3,3,4,2,2,2,3,3,2,3,3,.
Female,Bachelor's,UG - FT,4,4,4,4,4,4,3,4,4,4,4,4,4,4,4,4,3,3,4,4,Needed more refernce material 
Female,Master's,MBA,3,3,2,3,3,2,2,3,3,3,3,4,2,2,2,3,3,2,3,3,.
Male,Bachelor's,UG - CH,4,4,4,3,3,3,3,3,3,3,4,3,3,3,3,3,3,3,3,3,Good presentations
Female,Bachelor's,UG - FT,4,4,4,4,4,4,4,4,4,4,4,4,4,4,4,4,4,4,4,4,recorded vedios
Female,Bachelor's,UG - FT,3,3,4,3,3,2,2,1,3,2,2,3,2,2,2,3,3,2,2,3,"more attention could be given to develop soft skills, Good level of communication is present from teachers, more practical aspects should be included in the subjects"
Female,Bachelor's,UG - FT,2,3,3,3,4,4,4,3,3,3,3,4,3,3,3,3,4,4,3,3,No suggestions 
Male,Bachelor's,UG - FT,4,3,3,3,3,3,1,2,3,2,3,3,3,3,2,3,3,3,3,3,nill
Female,Bachelor's,UG - FT,4,4,3,4,4,4,4,3,3,4,4,4,4,4,4,4,4,4,4,4,Good
Female,Bachelor's,UG - FT,3,3,3,3,3,4,1,2,2,3,2,2,3,2,2,2,3,2,2,2,Please include soft skill development classes for the students 
Female,Bachelor's,UG - FT,3,4,4,2,3,3,4,3,3,3,3,3,2,2,3,3,3,3,3,3,nil
Female,Bachelor's,UG - FT,4,4,4,3,4,3,2,3,3,3,4,3,3,3,3,3,4,3,3,4,Pratical oriented class. 
Female,Bachelor's,UG - FT,4,4,4,4,4,4,4,4,4,4,4,4,4,4,4,4,4,4,4,4,Overall good 
Female,Bachelor's,UG - FT,4,4,4,3,4,3,3,3,3,3,4,4,3,3,3,3,3,3,4,3,Need to promote more field work
Female,Bachelor's,UG - FT,4,4,4,4,4,4,4,4,4,4,4,4,4,4,4,4,4,4,4,4,Nil
Male,Bachelor's,UG - FT,4,4,4,4,2,1,2,3,3,3,3,3,4,3,3,3,3,3,1,3,No suggestions
Female,Bachelor's,UG - FT,4,4,4,4,4,4,4,4,4,4,4,4,4,4,4,4,4,4,4,4,Communication
Female,Bachelor's,UG - FT,3,3,3,2,3,0,4,3,3,3,2,3,3,3,3,2,3,3,3,4,"Due to current covid scenario there is difficulties in education system in overall but teachers are willing to help and teaching is truly good and appreciable
"
Female,Bachelor's,UG - FT,4,3,4,3,3,4,2,4,4,3,4,4,4,4,4,4,4,4,4,4,Nil
Male,Bachelor's,UG - FT,4,4,4,4,3,3,3,4,4,4,3,4,3,3,3,4,4,3,4,3,Nothing
Female,Bachelor's,UG - FT,4,3,2,3,3,4,3,3,3,2,4,3,2,2,3,4,3,3,3,4,"Make a two way interaction, Keep Encouraging students"
Female,Bachelor's,UG - FT,4,4,4,3,4,4,2,3,3,4,4,4,2,3,3,4,4,3,3,3,Practically oriented
Female,Bachelor's,UG - FT,4,3,3,3,3,2,3,2,3,3,4,3,2,2,3,3,3,3,3,3,.
Male,Bachelor's,UG - CH,4,4,4,4,3,3,4,4,3,4,4,4,3,3,4,3,4,4,4,4,"Outdoor study
More laboratory classes
More Industrial visits and Internships"
Female,Bachelor's,UG - FT,4,4,4,4,4,3,4,4,3,3,4,4,3,3,3,3,3,3,3,3,Good experience with our teachers
Female,Bachelor's,UG - FT,4,3,4,3,4,3,4,4,4,4,4,3,4,3,3,4,3,3,4,4,Use better graphics and visual media to encourage students.
Male,Bachelor's,UG - FT,4,3,4,3,3,2,3,2,2,3,3,4,2,2,2,2,3,3,3,3,try to understand the student not only by his/her academic performance 
Female,Bachelor's,UG - FT,4,4,4,4,4,4,4,4,4,4,4,4,4,4,4,4,4,4,3,4,.
Female,Bachelor's,UG - FT,3,4,4,4,3,3,4,4,4,4,4,4,4,4,4,4,4,3,3,4,Nil
Female,Bachelor's,UG - FT,4,3,4,2,3,0,4,2,2,4,3,3,1,1,2,3,3,4,3,3,All fine
Female,Bachelor's,UG - FT,4,4,4,4,4,3,4,4,4,3,4,4,4,4,4,4,4,4,3,4,All the teaching activities in my institution are overwhelming. 
Male,Bachelor's,UG - FT,3,3,3,3,3,2,2,3,3,3,2,3,3,3,2,3,3,3,4,3,More application level informations can be provided while teaching topics so that it could come helpful in future needs.
Female,Bachelor's,UG - FT,4,3,4,3,4,3,4,4,4,3,4,4,4,4,4,4,4,4,4,4,.
Male,Bachelor's,UG - FT,4,4,4,4,4,4,4,4,4,4,4,4,4,4,4,4,4,4,4,4,"Very friendly, helpful, good attitude"
Male,Bachelor's,UG - FT,4,4,4,4,3,4,4,4,3,4,4,3,4,4,4,4,4,4,4,4,Empower students to be active leaners
Male,Bachelor's,UG - FT,3,4,3,4,3,2,1,3,3,3,4,4,3,3,3,3,3,3,4,3,"1. A perfect first year experience.
2. Introducing career planning early.
3. Removing some of the institutional obstacles."
Male,Bachelor's,UG - FT,4,4,3,4,3,2,2,2,2,2,2,3,1,2,2,2,2,2,2,3,.
Female,Bachelor's,UG - FT,4,3,4,3,3,3,4,2,3,4,4,3,3,4,3,4,3,4,2,2,Nil
Female,Bachelor's,UG - FT,4,4,4,4,4,2,3,4,2,3,3,3,3,3,3,3,3,3,3,3,These going way of teaching and learning is good 
Male,Bachelor's,UG - FT,4,4,4,4,4,4,4,4,4,4,4,4,4,4,4,4,4,4,4,4,Nothing
Female,Master's,MCA,4,4,4,4,4,3,3,4,3,4,4,3,3,3,3,3,3,4,4,3,Be friendly and help the students feel they are equal in the eyes of their teachers
Female,Master's,MCA,4,3,3,3,2,4,4,4,4,4,4,3,3,3,3,3,1,4,4,4,Everything is perfect no any changes required
Female,Master's,MCA,4,4,4,4,4,3,4,4,4,4,3,4,4,3,4,4,4,4,3,4,The overall teaching-learning experience was good.
Female,Master's,MCA,4,3,4,4,4,3,2,3,3,3,3,3,3,3,3,3,3,3,3,3,Nil
Female,Bachelor's,UG - FT,4,4,4,4,3,4,3,4,4,3,4,4,4,3,4,3,3,3,3,3,Try to interact or communicate with every student.
Female,Master's,MCA,4,4,4,4,4,3,3,3,3,3,3,3,3,3,3,3,2,3,3,3,One to one interaction
Female,Master's,MCA,4,3,3,2,3,2,4,2,3,3,4,3,1,1,2,3,2,3,3,3,...
Female,Master's,MCA,4,4,4,4,4,4,4,4,4,4,4,4,4,4,4,4,4,4,4,4,Nil
Female,Master's,MCA,4,3,4,2,1,3,4,3,4,3,3,3,2,3,3,2,3,2,3,2,....
Female,Master's,MCA,3,3,3,3,3,3,4,4,3,3,3,3,3,2,2,1,2,3,2,3,Nothing 
Female,Master's,MCA,4,3,3,3,3,3,4,4,4,4,3,3,3,3,3,3,3,4,3,3,..
Female,Bachelor's,UG - CS,4,4,4,4,4,4,4,4,4,4,4,3,3,3,4,4,4,4,4,4,Offline mode learning is better than online learning.
Female,Master's,MCA,4,0,4,4,4,4,4,4,3,4,4,4,4,4,4,4,4,4,4,4,Nil
Female,Bachelor's,UG - FT,4,4,4,4,4,1,3,3,3,3,3,4,3,2,3,2,3,3,4,4,Provide more industrial explosure to students from 1st year itself.
Female,Master's,MCA,3,3,3,3,3,2,4,2,3,3,3,3,3,1,3,3,3,4,3,3,Nil
Female,Master's,MCA,4,3,4,3,3,1,3,3,3,3,3,3,3,2,3,3,3,3,3,2,none
Male,Bachelor's,UG - CH,4,4,4,4,4,3,4,3,4,3,4,4,3,4,4,4,4,4,3,4,"Its just perfect the way it is. I guess if students show the same interest as their mentors, it can be great. Otherwise from the teaching side..its all good "
Male,Bachelor's,UG - CH,4,4,4,4,3,3,4,3,3,3,4,3,3,3,3,3,3,3,4,3,"Make classes offline,
Conduct Industrial visits
Communicate with students"
Female,Bachelor's,UG - CH,4,3,3,3,3,3,3,3,3,3,3,3,3,3,3,3,3,3,3,3,Nil
Male,Master's,MCA,4,3,3,2,3,1,2,2,3,2,3,3,2,3,2,3,3,3,4,3,Avoid partiality to students
Female,Bachelor's,UG - CH,3,3,3,3,3,2,4,3,4,4,3,3,3,1,3,4,4,4,4,4,"Improve students - teacher relationship.
Identify weak students and help them.
"
Male,Bachelor's,UG - CH,3,3,1,2,1,1,0,0,1,1,1,1,1,0,2,1,1,0,0,1,Overall good
Female,Bachelor's,UG - CH,4,4,4,3,2,3,3,2,2,2,2,4,2,3,3,3,2,3,3,3,"More interaction with students 
Ensure if every student understands the concept of subject which are particularly toughest 
Provide special attention to those students who struggle more and make them confident with the subject rather than scaring and loosing hope on that subject "
Male,Bachelor's,UG - CH,4,3,2,3,2,0,2,2,2,2,2,3,0,0,2,0,3,2,3,3,Never differentiate students  example giving high marks only to top level students and giving marks low to medium level students even they have put same effort to study and in exams both have written same answer..
Male,Bachelor's,UG - CH,3,3,4,3,4,2,3,2,3,3,2,3,3,1,2,3,3,3,4,3,❌️❌️❌️
Male,Bachelor's,UG - FT,4,3,3,3,3,2,1,2,2,3,3,2,2,2,3,2,2,1,4,3,"1.Our syllabus are mostly focussed in the theoretical section...more practical sections needs to be included in  it.
2.practicals that we have done so far are not found to be much useful for our industrial knowledge.
3.Repetation of some topics were found in our current syllabus.avoid such topics and impart more useful topics..."
Female,Bachelor's,UG - FT,4,4,3,3,3,3,3,3,3,3,2,3,3,3,3,3,3,3,3,3,Overall teaching was good
Female,Bachelor's,UG - FT,4,4,4,4,4,4,4,4,4,4,4,4,4,4,4,4,4,4,4,4,Please improve students practical knowledge
Female,Bachelor's,UG - CH,4,3,3,3,3,3,4,2,3,2,3,2,2,1,1,2,3,4,4,3,Soft skills should be taught to the needed students based on their branch.
Female,Master's,MCA,4,3,3,3,3,3,3,3,3,3,3,3,3,3,3,3,3,3,3,3,Need to make more interaction with students
Female,Bachelor's,UG - CH,2,2,2,1,2,0,1,0,1,0,0,1,0,0,2,1,0,2,3,2,"use of videos/rather than typed lectures/ppts
mentoring/advices for future opportunities
open book exams for online teaching"
Female,Bachelor's,UG - CH,2,3,3,3,3,2,3,2,3,3,3,3,2,2,3,3,3,2,4,3,"Equal considerations to all students,make online classes more seriously"
Male,Bachelor's,UG - CH,3,3,3,2,3,2,2,2,3,3,2,3,3,3,2,3,2,2,3,3,"1.Better presentation (include animations and not just static paragraphs and charts).
2.Study Materials (Notes- at least the bare minimum which should be neat and concise )
3.Respect the time table set (do not keep on teaching during the intervals or lunch breaks)
4.Finish subject syllabus within the set time limit (which are in the syllabus itself  eg :50 hrs, 
    60 hrs .  Under normal circumstances, a faculty has no need for extra-classes, classes in 
    the evening, classes on holidays etc...  ) "
Male,Bachelor's,UG - CH,4,3,2,3,3,2,3,2,2,2,2,2,3,2,2,2,2,2,1,2,Good
Male,Master's,MCA,3,3,3,3,3,3,4,3,3,3,2,4,3,3,3,3,3,3,2,3, 
Female,Bachelor's,UG - CH,1,2,2,0,0,0,1,0,2,1,1,1,0,0,1,0,0,0,1,0,"Teaching is not just finishing the portions.It’s neither reading the sentences in ppt. Say what is the need of thing with our career. For Project Engineering subject and Petroleum Refinery Engineering the faculty for S8 students just copied the ppt of Thrissur GEC college ..It is clear that he didn’t even make an effort in making ppt by himself..And whole class know about this..Our tuition fee is just getting wasted by these acts..Atleast I will not copy these traits when I become a teacher in the future. Also there is no problem if they teach nothing at all.. But only few teachers adequately provide marks in internals.Please don’t ruin our careers.. Personally saying I like outside faculties checking my answer sheet.They don’t show any favouritism in correcting. It is our right to get marks for what we right.But there are really good teaching and understanding teachers too..Most of the student’s favourite are Lisha Mam, Ajith Sr..They are really dedicated and genuine teachers. Blessed to have teachers like them. Priwiya miss also teaches upto what she can .Whatever we love her too."
Male,Master's,MCA,4,3,3,3,3,1,2,2,2,3,2,3,2,1,2,3,1,2,3,3,"1)All of the teachers use ppt presentations for teaching purposes, but the very least of them were not explaining the topics, they only reading the ppt as such. That needs to be changed 
2) some of the teachers have partiality towards selected students(I don't even understand what is the factor for selection) and those teacher consider other students are not good for any task (like those teacher having some personal issues with us.). This is a serious issue to be considered.
3) Make students know about the relevance of learning software skills, because that will help them to work effectively. Most of the students only studying topics in the syllabus and they don't consider any other thing."
Female,Bachelor's,UG - CE,4,4,4,3,3,4,3,3,3,3,4,4,3,3,4,3,3,3,3,3,Nil
Male,Master's,MBA,4,3,3,4,2,4,3,4,4,3,3,3,3,3,3,3,3,4,3,4,no suggestions everything good
Male,Master's,MBA,2,3,3,3,3,2,2,2,3,3,4,4,3,4,3,3,4,4,4,3,"Give more classroom presentation to students.
Encourage students to share news regarding the subject from the newspaper.
Have a quick revision about the previous topic taught in the class."
Female,Master's,MBA,4,3,4,4,3,2,2,4,3,3,4,4,2,3,4,3,3,3,4,4,No Suggestions
Female,Master's,MBA,4,4,4,4,4,3,4,4,4,4,4,4,4,4,4,4,4,4,4,4,Overall it is good.
Female,Master's,MBA,4,3,3,3,3,2,3,3,3,3,3,3,3,3,3,3,3,3,4,3,"
NIL"
Male,Master's,PG - EEE,4,4,4,4,4,4,4,4,4,4,4,4,4,4,4,4,4,4,4,4,N
Female,Master's,PG - EEE,4,4,4,4,4,4,4,4,4,4,4,4,4,4,4,4,4,4,4,4,nil
Female,Master's,PG - EEE,4,4,4,4,4,3,3,4,4,4,4,4,4,4,4,4,4,4,4,4,Nothing
Male,Bachelor's,UG - FT,4,4,3,3,3,3,2,3,4,3,3,3,4,3,3,3,3,3,3,2,"Make simple and understandable classes
"
Male,Bachelor's,UG - ME,4,4,3,3,3,3,4,2,4,3,2,3,2,1,3,3,3,2,4,3,"Due to covid, online classes were not as interactive. 
It may have been if videos of the working of a concept was shown to better understand the concept. 
Short assignments, 1 every week for each subject would have kept the learning process engaging instead of a few lengthy assignments.


"
Male,Master's,MBA,4,3,3,3,3,2,4,3,4,2,4,3,2,2,3,3,3,4,4,4,"Provide more orientation programs
Ensure reading newspapers in all classes
Ensure more teacher - student interactive class session."
Female,Bachelor's,UG - CH,4,4,4,4,4,4,2,3,4,4,4,4,4,4,4,4,4,4,4,4,"Virtual internships 
Access to softwares
"
Male,Bachelor's,UG - FT,3,3,2,2,3,2,1,1,2,2,2,2,2,1,2,2,2,2,0,3,"Teaching method have improved, try focus more lab and industry oriented syllabus."
Male,Bachelor's,UG - CH,4,3,3,4,3,2,3,3,3,3,3,3,2,2,3,3,3,3,4,3,CN
Female,Master's,MBA,4,3,4,3,3,2,3,3,4,3,3,3,3,3,3,4,3,4,4,4,"Indiscriminate approach to every student, mock gd every week, interview training by external specialists via monthly mock interviews"
Female,Master's,MBA,4,4,4,3,3,3,3,3,3,3,4,3,3,3,3,3,3,3,3,3,The faculty of the institution are taking great efforts to improve teaching experience. It would be better if the teaching methodology is more practical-centric rather than lot of written assignments so that the students are equipped with the skills demanded in the work environment.
Female,Master's,PG - CS,2,3,2,2,3,1,3,1,2,1,2,2,1,0,2,2,2,3,1,2,"deeper explanations, external references, and support system would be appreciated."
Male,Bachelor's,UG - CE,4,3,3,3,3,3,3,3,3,3,3,3,3,3,3,3,3,3,4,3,"Be more friendly
"
Female,Bachelor's,UG - CE,4,4,4,4,2,2,3,3,3,3,3,4,3,3,4,4,3,3,3,3,interact more with students
Male,Bachelor's,UG - FT,4,4,4,4,4,4,4,4,4,4,4,4,4,4,4,4,4,4,4,4,Good
Male,Bachelor's,UG - ME,4,3,3,2,3,3,4,2,4,3,3,3,2,1,2,2,4,4,4,3,N/A
Male,Bachelor's,UG - CE,3,3,4,3,4,2,3,2,3,3,3,3,3,3,3,3,3,3,3,3,-
Male,Bachelor's,UG - CE,4,4,4,3,4,4,3,3,4,4,4,4,4,3,4,3,3,3,3,4,-
Female,Bachelor's,UG - CE,4,4,4,4,4,4,4,4,4,4,4,4,4,4,4,4,4,4,4,4,"good
"
Female,Bachelor's,UG - CE,4,3,3,3,4,3,4,4,4,4,4,4,4,4,4,3,3,4,3,3,Nil
Male,Bachelor's,UG - CE,3,4,4,3,3,3,3,3,3,3,3,3,3,3,3,3,3,3,3,3,-
Female,Bachelor's,UG - CE,3,3,3,4,3,4,3,4,3,4,3,4,3,4,3,4,3,4,3,4,Nil
Female,Bachelor's,UG - CE,4,4,4,4,4,4,4,4,4,4,4,4,4,4,4,4,4,4,4,4,nil
Male,Bachelor's,UG - CE,4,4,3,4,4,2,3,3,3,3,3,4,4,3,3,4,4,4,4,4,No suggestions
Female,Bachelor's,UG - CE,4,4,4,4,4,4,4,4,4,4,4,4,4,4,4,4,4,4,4,4,_
Male,Bachelor's,UG - CE,4,3,4,4,3,2,3,3,3,4,4,3,3,2,3,3,3,3,4,4,no comments
Female,Bachelor's,UG - CE,4,3,3,3,3,4,3,2,3,4,4,3,3,3,3,3,3,3,3,3,Nil
Female,Bachelor's,UG - CE,3,3,3,4,3,3,3,3,3,3,3,3,3,3,2,2,2,3,3,3,Nil
Female,Bachelor's,UG - CE,4,3,3,3,3,3,3,3,3,3,3,3,3,3,3,3,3,3,4,3,None
Male,Bachelor's,UG - CE,4,4,4,4,4,4,4,4,4,4,4,4,4,4,4,4,4,4,4,4,.
Female,Bachelor's,UG - CE,4,4,4,4,4,4,4,4,4,4,4,4,4,4,4,4,4,4,4,4,nil
Female,Bachelor's,UG - CE,4,3,3,3,4,3,2,2,3,2,2,3,3,2,2,3,2,2,3,3,Previous year examples and new techniques to teach 
Female,Bachelor's,UG - CE,4,4,4,4,4,3,4,4,4,4,4,4,4,4,4,4,4,4,3,4,-
Male,Bachelor's,UG - CE,4,4,4,4,3,3,3,4,4,3,3,4,4,4,4,3,4,4,4,4,.
Female,Bachelor's,UG - CE,4,3,4,4,4,4,4,4,3,3,4,4,3,3,3,3,4,4,4,3,Nothing.
Female,Bachelor's,UG - CE,4,3,2,2,2,1,1,2,3,2,2,2,3,2,2,2,2,1,2,2,Nil
Male,Bachelor's,UG - CE,4,4,4,4,4,4,4,4,4,4,4,4,4,4,4,4,4,4,4,4,.
Female,Bachelor's,UG - CE,4,3,3,2,2,2,2,2,3,2,2,3,2,2,2,2,2,2,2,3,nil
Female,Bachelor's,UG - CE,4,4,4,3,4,3,3,3,3,3,3,3,3,3,3,3,3,3,3,3,Nil
Male,Bachelor's,UG - CE,4,4,4,4,4,3,4,4,4,4,4,4,4,4,4,4,3,4,3,3,"Understanding student, communication, more interesting"
Male,Bachelor's,UG - CE,4,4,4,3,4,4,4,4,3,3,3,3,3,3,3,3,3,3,3,3,-NIL-
Male,Bachelor's,PG - ME,4,4,4,4,4,4,4,4,4,4,4,4,4,4,4,4,4,4,4,4,nil
Male,Bachelor's,UG - ME,4,4,4,4,3,3,4,4,4,4,4,4,4,4,4,4,4,4,3,4,use of 3D animations
Male,Bachelor's,UG - ME,4,4,4,4,3,4,4,4,4,4,4,4,4,4,4,4,4,4,4,4,.
Male,Bachelor's,UG - ME,4,3,4,4,4,4,3,4,4,4,4,4,4,4,4,4,4,4,3,4,use of animations
Male,Bachelor's,UG - ME,4,3,4,4,4,4,4,4,4,4,4,4,4,4,4,4,4,4,3,4,.
Male,Bachelor's,UG - ME,4,4,4,4,4,4,4,4,4,4,4,4,4,4,4,4,4,4,4,4,.
Male,Bachelor's,UG - ME,4,4,4,4,4,4,3,4,4,4,4,4,4,4,4,4,4,4,4,4,.
Male,Bachelor's,UG - ME,4,4,4,4,4,4,4,4,3,4,4,4,4,4,3,3,4,4,3,4,.
Male,Bachelor's,UG - ME,3,4,4,4,4,4,2,4,4,4,4,4,4,4,3,3,4,4,4,4,.
Male,Bachelor's,UG - ME,4,4,4,4,4,4,4,4,4,4,4,4,4,4,4,4,4,4,4,4,.
Male,Bachelor's,UG - ME,4,4,4,4,4,4,3,4,3,4,4,4,4,4,4,4,4,3,3,4,.
Male,Bachelor's,UG - ME,3,4,4,4,4,4,4,4,4,4,4,4,4,4,4,4,4,4,4,4,.
Male,Bachelor's,UG - ME,4,4,4,4,4,4,4,4,4,4,4,4,4,4,4,4,4,4,4,4,.
Male,Bachelor's,UG - ME,4,4,4,4,4,4,4,4,4,4,4,4,4,4,3,3,4,3,3,4,.
Male,Bachelor's,UG - ME,3,4,4,4,4,4,4,4,4,4,4,4,4,4,4,4,4,4,4,4,.
Male,Bachelor's,UG - ME,4,3,3,3,3,3,3,3,3,3,3,3,3,2,3,3,3,3,4,3,"▪︎time management
▪︎application based learning
▪︎content presentation
"
Male,Bachelor's,UG - ME,3,4,4,4,4,4,4,4,4,4,4,4,4,4,4,4,4,4,4,4,.
Male,Bachelor's,UG - ME,4,4,3,3,3,3,1,2,1,2,1,3,1,1,1,2,3,2,3,3,Class should be made in an lively manner. Internship and industrial exposure should be promoted and institute should try to make arrangements for the students. 
Male,Bachelor's,UG - ME,4,3,3,3,2,0,2,2,3,3,4,3,2,0,2,2,2,2,2,2,Personal revenge on internal marks were noted. Faculties make students work for them and turn around like are these students really studying here. 
Male,Bachelor's,UG - ME,4,4,4,4,4,4,4,4,4,4,4,4,4,4,4,4,4,4,4,4,.
Male,Bachelor's,UG - ME,4,4,4,4,4,4,4,4,4,4,4,4,4,4,4,4,4,4,4,4,.
Male,Bachelor's,UG - ME,4,3,3,3,3,2,3,4,3,3,4,4,4,3,4,4,4,4,4,4,"Better communications with student
Making students to study by doing crafts
Providing more facilities to participate extra curricular activities online"
Male,Bachelor's,UG - ME,3,3,2,2,4,2,4,4,4,4,4,4,0,4,4,2,3,4,4,4,"Maximum strength below 30 , so teachers can help or develop  new skills or improve their skill and mindset"
Male,Bachelor's,UG - ME,4,4,4,4,4,4,4,4,4,4,4,4,4,4,4,4,4,4,4,4,.
Male,Bachelor's,UG - ME,4,4,4,4,4,4,4,4,4,4,4,4,4,4,4,4,4,4,4,4,"Very good teaching ,i enjoyed the learning process"
Male,Bachelor's,UG - ME,4,4,4,4,4,4,4,4,4,4,4,4,4,4,4,4,4,4,4,4,"Use of online media can be used more to have an effective communication between students and teachers.
"
Male,Bachelor's,UG - ME,4,3,4,2,2,2,4,3,3,3,3,3,3,3,4,4,4,4,4,4,"More intership programs for students.
More Professional Language/Communication development classes.
Provide more elective subjects"
Male,Bachelor's,UG - CE,4,3,4,4,4,4,4,4,4,4,4,4,4,4,4,4,4,4,4,4,Give importance to lab
Male,Bachelor's,UG - ME,4,4,4,4,4,3,4,4,4,4,4,3,4,4,3,4,4,3,3,4,"Have a good Student Teacher body.
Publish internals at the correct time."
Female,Bachelor's,UG - ME,4,4,4,4,4,4,4,4,4,4,4,4,4,4,4,4,4,4,4,4,Nil
Male,Bachelor's,UG - ME,4,4,3,3,4,2,1,2,4,3,4,2,4,2,3,3,2,2,2,4,"If an assignment written by the student is not so satisfactory with the faculty of a particular subject, the faculty need to interact with the student and deliver proper clarifications. "
Male,Bachelor's,UG - ME,4,4,4,3,3,3,3,3,3,3,3,3,3,3,3,3,3,3,3,3,NIL
Male,Bachelor's,UG - ME,3,4,3,3,2,0,4,2,4,4,3,4,2,4,4,3,0,2,4,4,Some teachers just following some pdf. 
Male,Bachelor's,UG - ME,3,3,3,4,4,3,3,4,4,4,3,4,3,2,3,2,3,3,3,4,-
Female,Bachelor's,UG - ME,3,3,3,2,3,2,3,2,3,3,2,3,2,2,3,3,3,3,4,3,"Impartial internal assessments should be done.
Should help students identify their strenghts and promote it"
Male,Bachelor's,UG - ME,4,3,3,3,3,2,2,3,3,3,4,3,3,3,3,3,3,3,3,3,Little for concept wise learning process
Male,Bachelor's,UG - ME,3,3,3,3,2,2,2,2,3,2,1,3,1,1,2,1,2,2,2,3,Improved online class platform
Male,Bachelor's,UG - ME,4,4,4,4,4,4,4,4,4,4,4,4,3,3,4,4,4,4,4,4,No suggestions
Male,Bachelor's,UG - ME,4,4,4,4,4,4,4,4,4,4,4,4,4,4,4,4,4,4,4,4,-
Male,Bachelor's,UG - ME,4,4,4,4,4,4,4,4,4,4,4,4,4,4,4,4,3,4,4,4,-
Male,Bachelor's,UG - ME,4,4,4,4,4,4,4,4,4,3,4,3,4,4,4,4,4,4,4,4,-
Male,Bachelor's,UG - ME,4,4,4,4,4,4,4,4,4,4,4,4,4,4,4,4,4,4,3,4,Keep the same .
Male,Bachelor's,UG - ME,4,4,4,4,4,4,0,3,3,3,3,3,3,3,3,3,3,3,3,3,"Promote Intership
Practical knowlegde
Promote MOOC courses

"
Male,Bachelor's,UG - ME,4,3,3,3,3,3,3,3,3,3,3,3,3,2,3,3,3,3,3,3,"Promote Intership
Practical knowlegde
Promote MOOC courses
"
Male,Bachelor's,UG - ME,4,4,4,4,3,3,2,2,3,4,3,3,2,2,2,2,2,2,2,2,"Promote Intership
Practical knowlegde
Promote MOOC courses
"
Male,Bachelor's,UG - ME,4,4,4,4,3,2,3,2,3,3,3,3,3,2,4,3,4,4,4,3,"Promote Intership
Practical knowlegde
Promote MOOC courses
"
Male,Bachelor's,UG - ME,4,4,2,2,2,3,4,3,4,4,3,4,0,4,4,3,4,4,4,3,"Promote Intership
Practical knowlegde
Promote MOOC courses
"
Male,Bachelor's,UG - CE,4,4,4,4,4,4,1,3,2,3,4,4,4,4,4,4,3,4,4,4,"Promote practical knowledge
Give internships in the care of the institution in well known companies.




"
Female,Bachelor's,UG - CE,4,4,4,4,4,4,4,4,4,4,4,4,4,4,4,4,4,4,4,4,-
Male,Bachelor's,UG - CE,4,4,3,3,4,2,3,3,3,3,3,3,3,2,3,3,3,3,3,3,1. More practical experience
Male,Bachelor's,UG - CE,4,4,4,3,4,3,4,3,3,3,3,3,3,3,3,3,3,3,2,3,"Improving communication with students
Finding more time for tutorial sessions"
Female,Bachelor's,UG - CE,4,3,4,2,3,2,4,3,3,3,3,3,3,3,3,3,3,3,4,3,nil
Female,Bachelor's,UG - CE,4,4,4,4,4,4,4,4,4,4,4,4,4,4,4,4,4,4,4,4,Nil
Male,Bachelor's,UG - CE,3,3,4,3,3,3,4,3,3,3,4,4,4,4,4,4,4,4,4,4,"More numericals in class
More hours for each subject"
Female,Bachelor's,UG - CE,4,3,3,3,3,2,3,3,3,2,2,2,2,2,2,2,2,1,3,3,Nothing 
Male,Bachelor's,UG - CE,4,3,2,2,2,2,2,2,2,2,2,2,2,2,2,2,2,2,3,2,nil
Female,Master's,MBA,4,4,4,4,4,3,3,3,3,3,3,4,3,3,3,3,3,4,3,4,Outdoor activities
Male,Master's,PG - CE,4,4,4,4,4,4,4,4,4,4,4,4,4,4,4,4,4,4,4,4,Give more exposure to students about the various software's used in the industry by conducting add-on courses. 
Female,Master's,PG - CE,4,3,4,4,4,4,4,4,4,4,4,4,4,4,4,4,4,4,3,4,Ensure practical knowledge
Female,Master's,PG - CE,4,4,4,4,4,4,4,4,4,4,4,4,4,4,4,4,4,4,4,4,Proper communication with parents of teachers
Female,Master's,MBA,4,4,3,3,3,3,3,3,3,3,3,3,4,3,4,3,4,4,4,4,NIL
Female,Master's,MBA,4,4,4,3,3,3,3,3,4,3,3,4,3,3,4,4,3,4,4,4,Explain with more examples.
Male,Master's,MBA,4,3,1,2,4,1,3,3,4,3,2,3,2,1,1,1,3,2,4,2,"Replace weekly aptitude test with training or activities to improve cognitive skills, employability or other necessary skills."
Female,Master's,PG - CE,4,4,4,4,4,3,2,3,3,3,3,4,4,3,4,4,3,3,4,4,Provide field works and practical knowledge
Female,Master's,PG - CE,4,4,4,4,4,3,4,4,4,4,4,4,4,4,4,4,4,4,3,4,NIL
Female,Master's,PG - CE,4,4,4,4,4,4,3,4,4,4,4,4,4,4,4,4,4,4,4,4,Nil
Female,Master's,PG - CE,4,4,4,4,3,3,4,3,3,3,4,3,3,3,3,4,3,2,4,3,Nil
Female,Master's,PG - CE,4,3,4,3,4,3,3,3,3,3,4,3,3,3,3,3,2,3,3,3,"Provide placement in the field of civil engineering,
Provide more field visit opportunities for students,
Provide more carrier guidance and counseling classes for students  (under covid pandemic situation)


"
Female,Master's,PG - CE,4,4,4,4,4,4,4,4,4,4,4,4,4,4,4,4,4,4,4,4,"Once a topic is covered, the students must be asked to submit real life examples of the topics covered."
Female,Master's,PG - CE,4,4,4,4,4,4,3,3,4,4,4,4,3,3,4,3,3,3,3,4,Practical knowledge
Female,Master's,PG - CE,4,3,3,3,3,3,3,3,2,3,3,3,3,3,3,3,3,3,3,3,no
Female,Master's,PG - CE,4,4,4,4,4,4,4,4,4,4,4,4,4,4,4,4,4,4,4,4,Experiment new teaching methods.
Male,Master's,PG - CE,4,4,4,3,4,3,2,3,4,4,4,4,4,3,3,2,3,3,3,4,Field study need to be enouraged
Male,Bachelor's,UG - CE,2,0,0,1,3,4,4,4,0,4,4,3,3,4,4,4,4,2,4,2,.
Female,Bachelor's,UG - CE,3,3,3,2,2,3,3,3,3,3,3,3,3,3,2,3,3,2,3,2,Satisfied 
Female,Master's,PG - CE,4,4,3,4,4,3,3,3,4,4,4,3,3,3,4,3,3,3,4,3,providing recording of live class will be very usefull for further clarification and useful for students facing some network issues.
Female,Master's,MBA,1,3,2,1,2,0,2,2,2,3,3,2,2,3,2,2,2,1,0,0,Be more supportive 
Female,Bachelor's,UG - CE,4,4,4,4,3,3,4,4,4,4,4,4,4,4,4,4,4,4,4,4,Nil
Female,Master's,MCA,4,4,3,3,3,3,2,3,4,4,3,3,4,4,4,4,4,4,3,4,Include more fun activities
Male,Master's,PG - CE,4,4,4,4,4,4,4,4,4,4,4,4,3,3,4,4,4,4,4,4,"1, Interactions with field experts
2, Introducing and demonstrating latest equipment to be used on the field
3, Incorporating latest updates for example, civil engineering podcasts"
Female,Master's,MCA,3,3,3,2,3,2,2,0,1,1,1,2,0,0,0,0,3,1,4,2,"Be more friendly 
Stop criticising 
Give a pleasant face -smile"
Female,Master's,PG - CE,4,4,4,4,4,4,4,4,4,4,4,4,4,4,4,4,4,4,4,4,Good enough
Male,Master's,MCA,3,4,3,4,2,3,4,3,4,4,3,3,3,3,3,3,3,3,4,3,  
Male,Bachelor's,UG - CE,4,4,4,4,4,4,4,4,4,4,4,4,4,4,4,4,4,4,4,4,Overall good
Female,Master's,PG - CE,4,4,4,4,4,4,4,4,4,4,4,4,4,4,4,4,4,4,4,4,Good
Female,Master's,PG - CE,4,4,4,4,4,4,4,4,4,4,4,4,4,4,4,4,4,4,4,4,Nothing
Female,Master's,PG - CE,4,4,4,4,4,4,4,4,4,4,4,4,4,4,4,4,4,4,4,4,Nothing
Female,Master's,PG - CE,4,4,4,4,4,4,4,4,4,4,4,4,4,4,4,4,4,4,4,4,No comments 
Female,Master's,PG - CE,4,4,4,3,3,3,3,3,3,4,4,4,4,4,3,3,3,4,4,4,Nil
Female,Master's,MBA,4,4,4,3,3,3,3,3,4,3,3,4,3,3,4,4,3,4,4,4,Explain with more examples.
Female,Master's,PG - CE,4,4,4,3,4,3,3,3,3,3,3,3,2,3,2,3,3,3,3,3,More practical application and knowledge. Even though it is said like that most of the times it is syllabus oriented. Things to promote more job skills.
Female,Master's,PG - CE,4,4,4,4,4,3,3,3,3,4,4,4,4,3,3,4,3,3,4,4,Nil
Male,Bachelor's,UG - CE,3,3,3,2,3,3,3,2,3,3,3,3,3,3,3,3,3,3,3,3,Nil
Female,Master's,MCA,3,3,2,2,0,1,2,0,0,2,3,2,0,0,0,0,2,1,3,1,"Should show some concern and care
Not only teaching. 
A teacher should be able to be a good friend to students
So that they can look up to them. 
Here teachers are not very bad but their approaches aren't good enough for building a good person not just a student. 
And the management of the college is extremely pathetic and emotional abusive towards some students. "
Female,Bachelor's,UG - FT,4,4,4,4,4,4,4,4,4,4,4,4,4,4,4,4,4,4,4,4,Please Provide more practical knowledge
Male,Bachelor's,UG - FT,3,4,4,4,3,3,2,2,2,2,3,3,2,2,3,3,2,2,3,3,No
Female,Bachelor's,UG - FT,4,3,4,3,3,3,3,3,4,3,3,3,3,3,3,4,4,4,4,4,"More encourage practical learning, improve teacher Student interaction"
Female,Bachelor's,UG - CE,4,4,4,4,3,2,4,4,4,4,4,4,4,4,4,4,4,4,3,4,nil
Female,Bachelor's,UG - FT,4,3,4,3,3,3,1,3,1,3,3,2,2,2,3,3,2,2,4,3,Nothing
Male,Bachelor's,UG - EEE,4,4,4,3,4,4,4,3,3,4,4,4,4,4,3,4,3,4,3,3,"Focusing more on practical knowledge than in theoretical studies.
Giving a career guidance during initial time of joining the course.
"
Female,Bachelor's,UG - FT,4,4,4,4,4,4,4,4,4,4,4,4,4,4,3,4,3,4,4,3,Good
Male,Bachelor's,UG - EEE,4,4,4,4,4,4,4,4,4,4,4,4,4,4,4,4,4,4,4,4,Overall excellent.No suggestions.
Male,Master's,PG - ME,4,4,4,4,4,4,4,4,4,4,4,4,4,4,4,4,4,4,4,4,Keep going in the same pace and approach. 
Female,Bachelor's,UG - FT,4,4,4,4,4,4,4,4,4,4,4,4,4,4,4,4,4,4,4,4,Network 
Male,Bachelor's,UG - EEE,4,4,3,4,3,4,4,4,4,4,4,4,4,4,4,4,4,4,4,4,Improve online class teaching
Female,Bachelor's,UG - EEE,4,4,4,4,4,4,3,4,4,4,4,4,4,3,4,4,4,4,4,4,Teaching with activities and offline mode of teaching is farnmore effective 
Female,Bachelor's,UG - EEE,4,4,4,3,3,4,4,4,4,3,3,4,4,4,4,3,3,3,4,4,No suggestions
Female,Bachelor's,UG - EEE,4,3,3,3,2,1,4,2,3,2,4,3,2,2,2,2,1,2,3,3,None 
Male,Bachelor's,UG - CS,4,3,4,4,4,3,3,3,3,4,4,3,3,3,4,3,3,3,4,4,"Let students have more choice over what they want to study
Update the syllabus to reflect the subjects needed in the current world
Open up specialization for the branches like blockchain and artificial intelligence earlier on in the student's college life rather than at the end"
Male,Bachelor's,UG - FT,3,3,3,3,3,3,3,2,1,2,3,2,1,1,1,2,2,2,2,2,Make more effective 
Male,Master's,PG - ME,4,4,4,4,4,4,4,4,4,4,4,4,4,4,4,4,4,4,4,4,Nothing in specific.
Female,Bachelor's,UG - EEE,4,4,4,4,4,4,4,4,4,4,4,4,4,4,4,4,4,4,4,4,Nil
Female,Bachelor's,UG - EEE,3,4,4,4,3,3,4,4,4,4,3,3,3,3,3,3,3,4,3,3,Nil
Female,Bachelor's,UG - EEE,4,4,4,3,3,3,3,3,3,3,3,3,3,3,3,3,3,3,4,3,Nil
Male,Bachelor's,UG - EEE,4,3,4,3,4,3,4,4,4,4,4,4,3,3,4,3,4,4,4,4,Nothing.
Male,Bachelor's,UG - EEE,4,4,4,4,4,4,4,4,3,3,3,4,3,3,4,4,4,4,2,4,Most of the teacher are dedicated to their craft.
Male,Bachelor's,UG - EEE,3,3,2,2,3,2,3,2,3,2,3,2,3,2,2,2,2,2,3,3,..
Male,Bachelor's,UG - ME,4,4,4,4,4,4,4,4,4,4,4,4,4,4,4,4,4,4,4,4,.
Male,Bachelor's,UG - ME,4,4,4,4,4,4,4,4,4,4,4,4,4,4,4,4,4,4,4,4,.
Male,Bachelor's,UG - FT,4,3,3,3,3,3,3,3,3,3,3,3,3,3,3,3,3,3,3,3,Nothing
Male,Bachelor's,UG - ME,4,4,4,4,4,4,4,4,4,4,4,4,4,4,3,4,4,4,4,4,.
Male,Bachelor's,UG - ME,4,4,4,4,4,4,3,4,3,4,4,4,4,4,4,4,4,4,4,4,.
Male,Bachelor's,UG - ME,4,4,4,4,4,4,4,4,4,4,4,4,4,4,4,4,4,4,4,4,.
Male,Bachelor's,UG - ME,4,4,4,4,4,4,4,4,4,4,4,4,4,4,4,4,4,4,4,4,.
Male,Bachelor's,UG - ME,4,4,4,4,4,4,4,4,4,4,4,4,4,4,4,4,4,4,4,4,.
Male,Bachelor's,UG - FT,4,3,3,3,3,3,2,2,2,2,3,3,2,2,2,2,3,3,4,3,"Good proper material based on syllabus, provide additional classes on future availabilities and major job areas."
Female,Bachelor's,UG - ECE,4,4,4,4,4,4,4,4,4,4,4,4,4,4,4,4,4,4,4,4,..
Female,Bachelor's,UG - ECE,4,3,3,3,4,3,4,4,4,4,3,3,3,3,3,3,3,4,4,4,Nil
Female,Bachelor's,UG - ECE,4,4,4,4,4,4,4,4,4,4,4,4,4,4,4,4,4,4,4,4,No suggestions
Female,Bachelor's,UG - ECE,4,3,4,4,3,3,3,3,3,3,4,3,3,3,3,3,3,3,3,3,NA
Male,Bachelor's,UG - ECE,4,4,3,4,3,1,3,2,3,4,3,3,1,2,2,0,3,3,4,4,Dont have any suggestions
Female,Bachelor's,UG - ECE,4,4,4,4,3,3,4,4,4,4,4,4,3,4,4,4,4,4,3,3,No suggestions
Male,Bachelor's,UG - EEE,4,3,4,3,3,3,4,3,3,3,3,3,4,3,3,3,3,3,3,3,Nothing
Female,Bachelor's,UG - ECE,4,4,2,3,4,3,4,2,4,4,2,4,4,2,3,3,3,3,4,4,NA
Male,Bachelor's,UG - EEE,4,3,3,2,3,3,2,2,2,3,2,3,0,1,2,2,3,2,4,2,.
Male,Bachelor's,UG - EEE,4,4,3,4,4,4,4,4,3,4,4,3,4,3,4,4,3,3,2,3,"Maximize hands on skills
"
Female,Bachelor's,UG - EEE,4,4,4,4,4,4,4,4,4,4,4,4,4,4,4,4,4,4,4,4,N
Female,Bachelor's,UG - EEE,3,3,3,3,3,3,4,3,4,4,4,4,3,4,3,3,3,4,3,3,good interaction between teacher and student
Female,Bachelor's,UG - ECE,4,4,4,4,4,4,3,3,4,4,4,3,4,4,4,4,4,4,3,3,no suggestions
Male,Bachelor's,UG - EEE,4,4,4,4,4,4,4,4,4,4,4,4,4,4,4,4,4,4,4,4,Nil
Female,Bachelor's,UG - EEE,4,4,4,4,4,4,4,4,4,4,4,4,4,4,4,4,4,4,4,4,NIL
Male,Bachelor's,UG - EEE,4,4,4,4,3,4,4,4,4,4,4,4,4,4,4,4,3,4,4,4,Nil
Female,Bachelor's,UG - EEE,4,4,4,3,3,4,3,3,3,3,3,3,4,3,3,3,3,3,0,3,"Recorded class 
Class notes uploaded in drive"
Male,Bachelor's,UG - EEE,2,2,4,4,3,3,3,4,2,3,3,3,3,3,3,3,3,3,3,3,"Less work as homework more as live solutionh
"
Female,Bachelor's,UG - EEE,4,3,4,3,2,3,4,3,3,4,3,3,3,2,2,3,3,3,3,4,Nil
Male,Bachelor's,UG - EEE,4,4,4,4,4,4,4,4,4,4,4,4,4,4,4,4,4,4,4,4,A
Female,Bachelor's,UG - EEE,4,4,4,4,4,3,4,4,4,4,4,3,4,4,4,4,4,4,4,4,Nil
Male,Bachelor's,UG - ECE,0,4,4,4,3,3,4,4,4,4,4,3,3,3,4,4,3,4,3,4,Use of multimedia to a greater extent
Male,Bachelor's,UG - EEE,3,3,3,2,2,2,4,2,3,3,4,3,2,2,2,2,2,3,3,3,.
Female,Bachelor's,UG - ECE,4,4,4,4,4,4,4,4,4,4,4,4,4,4,4,4,4,4,3,4,OVERALL GOOD
Male,Bachelor's,UG - CH,4,4,4,4,4,4,0,2,2,3,4,4,4,4,4,4,3,3,4,4,Good Experience
Male,Bachelor's,UG - CH,4,3,2,2,3,0,3,2,3,3,3,3,3,3,3,3,3,3,4,3,Nil
Female,Bachelor's,UG - CH,4,4,3,4,4,3,4,4,4,4,4,4,4,4,4,4,4,4,4,4,Good 
Male,Bachelor's,PG - CE,3,3,2,2,3,2,1,2,2,4,2,2,1,1,2,1,2,1,0,2,All good
Female,Bachelor's,UG - CH,3,2,1,1,0,3,1,0,1,1,0,1,0,0,1,1,0,0,0,1,Nil
Male,Bachelor's,UG - CH,4,3,3,2,2,3,3,2,3,3,3,2,2,2,3,3,2,2,2,3,Nothing
Male,Bachelor's,UG - EEE,4,4,4,4,4,4,4,4,4,4,4,4,4,4,4,4,4,4,4,4,Nothing
Female,Master's,PG - CE,4,4,4,4,3,3,4,3,3,3,3,3,3,4,3,4,3,3,4,4,No major suggestions...
Male,Bachelor's,UG - FT,4,4,4,4,4,4,4,4,4,4,4,4,4,4,4,4,4,4,4,4,Good
Female,Bachelor's,UG - FT,3,3,4,3,4,3,4,4,4,4,4,3,2,2,3,3,3,3,3,3,"Teachers are trying their level best to keep the students to convey the topics. 
They have to homework the topics before taking the cls
Encourage questioning"
Male,Bachelor's,UG - EEE,4,3,4,4,4,4,3,4,4,4,4,4,4,4,4,4,4,3,3,4,For problamatic subject some more attention is needed
Female,Bachelor's,UG - ECE,4,4,4,4,4,3,4,4,4,3,4,4,4,4,4,4,3,4,4,4,"I think the overall teaching-learning experience was very good.If practical sessions are included more,I think it will be more effective."
Female,Bachelor's,UG - CH,2,2,1,1,1,1,3,1,3,2,1,1,0,0,1,2,2,3,4,2,.
Male,Bachelor's,UG - CH,4,3,3,3,4,3,2,2,2,3,3,3,2,2,2,3,2,2,3,3,"Can be made more interactive
Can create a student-friendly atmosphere
Should constantly consider the students feedback"
Female,Master's,PG - CE,3,3,4,3,3,2,1,2,2,2,2,3,2,2,2,2,2,2,4,3,Nil
Male,Bachelor's,UG - CH,4,4,4,4,4,3,4,4,4,4,4,4,4,4,4,4,4,4,4,4,"More lab sessions
Industrial Visits
Class outside classrooms"
Female,Bachelor's,UG - FT,4,4,4,4,4,4,4,4,4,4,4,4,4,4,4,4,4,4,4,4,"1) More time to complete the syllabus
2) More practical knowledge "
Female,Bachelor's,UG - EEE,4,4,4,4,4,3,4,4,4,4,4,4,4,4,4,4,4,4,4,4,Teaching by examples
Female,Bachelor's,UG - CH,3,3,3,2,2,2,1,1,2,1,1,2,1,1,1,1,2,1,3,1,"Firstly they want to be aware about their own qualities and weakness. 
Communicate with students. 
Teaching- learning is not only a business. "
Female,Bachelor's,UG - CS,4,3,3,3,3,3,3,3,3,4,4,4,4,3,3,4,3,3,4,3,Good
Female,Master's,PG - CE,4,4,4,4,4,4,4,4,4,4,4,4,4,4,4,4,4,4,4,4,"Practical oriented teaching, encourage students to do more research related works, encourage students to get funded projects"
Male,Bachelor's,UG - CH,4,3,3,3,3,2,2,2,3,3,1,3,2,2,2,2,3,2,3,3,No
Male,Bachelor's,UG - EEE,4,4,4,3,4,3,3,4,3,3,3,3,3,3,3,3,3,3,4,3,.
Female,Bachelor's,UG - FT,3,3,3,3,3,0,1,2,2,2,2,3,2,1,2,2,3,2,4,2,"Give more practicals, individual task, mini project"
Female,Bachelor's,UG - FT,4,3,4,3,4,3,4,3,3,3,3,3,3,3,3,4,4,3,4,4,Nil 
Male,Bachelor's,UG - CH,4,3,3,3,3,3,3,3,3,3,3,3,3,3,3,3,3,3,3,3,"1. Should provide more industry oriented classes
2. Teach the applications of the theories should be clearly "
Female,Master's,PG - CE,4,4,4,4,4,4,3,4,4,4,4,4,4,4,4,4,4,4,4,4,strongly agree with the current way of teaching 
Male,Master's,MCA,4,3,4,4,0,4,4,3,3,3,4,3,4,2,1,2,2,3,1,3,"Please reduce the  fees
"
Female,Bachelor's,UG - ECE,4,4,4,4,4,4,4,4,4,4,4,4,4,4,4,4,4,4,4,4,"1. Break time can be increased
2. Try to engage students more
"
Female,Bachelor's,UG - FT,4,4,4,4,4,3,4,4,4,4,3,4,4,4,4,4,4,4,4,4,Nothing
Female,Master's,MCA,4,3,3,3,3,3,3,3,3,3,3,3,3,3,3,3,3,3,3,3,No 
Male,Bachelor's,UG - EEE,3,4,4,4,4,3,4,4,4,4,4,4,4,4,4,4,3,4,4,4,"Cover the syllabus fully.
Previous years question papers discussion should be encouraged more.

"
Male,Bachelor's,UG - FT,4,4,4,4,4,4,4,4,4,4,4,4,4,4,4,4,4,4,4,4,Good
Female,Bachelor's,UG - FT,3,3,3,3,3,3,3,3,3,3,3,3,3,2,3,3,3,2,3,3,Nil
Female,Bachelor's,UG - ECE,4,4,4,4,4,4,4,4,4,4,4,4,4,4,4,4,4,4,4,4,"1. Break time can be increased
2. Try to engage students more
"
Female,Bachelor's,UG - FT,4,4,4,4,4,3,3,4,3,3,3,3,3,3,3,3,3,3,3,3,Nil
Male,Bachelor's,UG - FT,4,4,3,3,3,2,2,3,2,2,3,3,3,3,3,3,3,2,3,3,"Interaction with students
"
Male,Bachelor's,UG - EEE,2,3,3,3,2,3,4,3,3,3,3,2,1,2,3,3,3,4,3,3,.
Male,Bachelor's,UG - FT,4,4,4,4,4,4,4,4,4,4,4,4,4,4,4,4,4,4,4,4,Good
Female,Master's,MCA,4,4,4,4,4,3,4,3,3,3,3,4,3,3,3,3,3,3,4,3,Find the weakness of the student
Male,Bachelor's,UG - CH,4,3,3,3,3,3,3,3,3,3,3,3,4,3,2,3,3,3,4,3,nothing in particular
Female,Master's,MCA,4,4,4,4,4,3,4,3,4,4,3,3,4,3,4,4,4,4,3,4,Very good
Female,Bachelor's,UG - CS,4,4,4,4,3,3,2,3,4,4,4,4,4,4,4,4,4,4,4,4,poli
Female,Bachelor's,UG - CH,2,2,2,2,0,0,0,0,1,1,1,2,2,0,2,2,2,2,2,2,.
Male,Bachelor's,UG - CH,4,4,4,4,4,3,4,4,4,4,4,4,4,4,4,4,4,4,3,4,Try to increase importance for practical sessions.
Female,Bachelor's,UG - CH,3,2,3,2,3,1,2,3,2,3,3,3,3,3,3,2,3,2,3,2,"I belong to  2017-21 batch CH dept, we really suffered a lot for department paper's.
1. First year everything was almost good since we only had 1 CH paper ( it was also an introduction paper....so it was a bit hard but it was fine) rest all subjects were taught by other department faculties.We really had a good S1 and S2 .
2. During second year especially S3 we suffered a lot. There was a teacher who didn't teach us last 2 module's, when asked the same the teacher replied u people will not pass if I teach that module. We borrowed notes form TKM and Amal Jothy to study, it was clearly visible in our results. It was very difficult to follow the subject with written notes at that point becoz we just had 12 knowledge.When we said this in google form that teacher started mental tourchering the class. Most of the teachers don't teach concepts in CHE dpmt, but don't give mental struggle like above mentioned one.
3.During next year also the same teachers did the same.And even said to a student it was done knowly.
4. During  S6 and S7 we have chemical engineering design the teacher really don't know what she is saying.28 out of 45 students failed. Those who have passes the exam used study materials from TKM and amal jothy.If we ask any doubt or help us to solve university question the teacher will say ""I will or Let me check"" but no response till now.After S7 result was published they said it was the mistake of valuation camp.We reported this issue multiple times to our staff advisor and Hod and even  to Bablo miss, but no action was taken till date. I think the same is still happening for our juniors too...
5.But there are very good and sincere teachers also who work for students.
                    We are paying fees at Saintgits so I think teachers at Saintgits needs to teach us not other colleges. Pls consider this and take teachers who know to teach rather than selecting someone for the sake of teaching post"
Female,Bachelor's,UG - CH,2,3,2,2,1,3,0,1,0,1,2,1,1,1,2,1,1,2,3,2,Industrial application view
Male,Bachelor's,UG - FT,4,4,4,4,4,4,4,4,4,4,4,4,4,4,4,4,4,4,4,4,Good
Female,Bachelor's,UG - CS,4,3,4,3,3,3,3,3,4,4,3,3,3,4,3,4,4,4,3,4,Good Going
Male,Bachelor's,UG - CH,4,3,4,4,3,4,3,3,3,3,3,3,3,3,3,3,3,3,3,3,No suggestions
Female,Bachelor's,UG - CS,4,4,4,4,4,4,4,3,4,4,4,4,4,4,4,4,4,4,3,4,*
Male,Bachelor's,UG - CH,4,4,3,3,2,3,4,4,3,3,3,3,3,2,3,3,3,3,4,3,"Make exams online, not satisfied in S8 University valuation. "
Female,Master's,MBA,4,4,4,4,3,3,3,4,4,4,4,4,4,4,4,4,3,4,4,4, Active student engagement during class
Female,Master's,MBA,4,4,4,3,3,3,3,3,4,3,3,4,3,3,4,4,3,4,4,4,Explain with more examples.
Female,Bachelor's,UG - ECE,3,3,3,2,4,2,2,2,2,3,3,2,2,3,3,3,3,2,4,3,The interactions between the students and the teachers are less due to the present scenario. Frequent interactions during classes and videos that illustrate the topics being covered in class can help in understanding the subjects better
Female,Bachelor's,UG - CH,3,3,3,2,2,3,2,2,2,3,3,2,1,1,2,2,2,2,4,2,. 
Male,Bachelor's,UG - ECE,4,3,3,3,3,3,3,3,3,3,3,3,3,3,3,3,3,3,3,3,.
Female,Bachelor's,UG - ECE,4,3,3,2,3,2,4,4,4,3,3,3,3,3,3,3,3,3,3,3,Less hours and more effective classes
Male,Bachelor's,UG - ECE,4,4,3,3,3,2,2,1,3,3,3,3,2,2,3,2,2,2,3,3,.
Female,Bachelor's,UG - CS,4,4,3,3,3,3,3,4,3,4,4,4,4,4,4,3,3,3,3,3,None
Female,Bachelor's,UG - ECE,4,4,4,3,3,4,4,4,4,3,4,3,4,4,4,4,4,4,3,3,. 
Female,Master's,MCA,4,3,4,3,3,3,3,3,3,3,4,3,3,3,3,3,4,3,3,3,Nill
Male,Bachelor's,UG - CH,4,4,4,4,4,4,4,4,4,4,4,4,4,4,4,4,4,4,4,4,More interactive sections 
Female,Master's,MCA,3,3,2,2,2,2,3,2,3,3,3,3,3,2,3,2,3,3,3,3,Nothing
Male,Bachelor's,UG - CS,3,3,3,3,4,3,4,2,3,4,4,3,4,3,3,3,3,2,4,3,nil
Male,Master's,PG - CE,4,4,4,4,4,4,4,4,4,4,3,4,4,4,4,4,4,4,3,4,NO SUGGESTIONS
Female,Master's,MCA,4,4,4,4,4,4,4,4,4,4,4,4,4,4,4,4,4,4,4,4,good
Male,Master's,MBA,4,4,4,4,3,2,2,3,3,4,3,3,3,2,3,3,2,2,1,3,using new technology to teach students.
Female,Bachelor's,UG - CS,4,4,3,3,3,3,3,3,3,2,3,2,1,1,3,1,3,3,2,3,Student-teacher interaction
Female,Master's,PG - CE,4,3,4,3,3,3,3,3,3,3,3,3,3,3,3,3,3,3,3,3,.
Female,Bachelor's,UG - ECE,4,3,4,3,4,4,3,2,3,3,3,3,3,3,3,3,4,3,2,3,"Can be more practical sessions,interactive"
Male,Bachelor's,UG - ECE,4,3,3,4,3,3,2,2,3,3,3,3,3,3,3,3,3,3,2,3,Video explanations
Male,Master's,PG - CE,4,4,4,4,4,4,4,3,3,4,4,4,3,3,3,4,3,3,4,3,"More interactive sessions between students and faculty, feedback from students weekly/monthly, QA sessions weekly"
Female,Master's,PG - CE,4,4,4,4,4,4,3,4,4,4,4,3,4,4,4,4,4,4,4,4,NIL
Male,Master's,PG - CE,4,4,4,4,4,4,4,4,4,4,4,4,4,4,4,4,4,4,4,4,nil
Female,Master's,MBA,4,4,4,3,3,3,3,3,4,3,3,4,3,3,4,4,3,4,4,4,Explain with more examples.
Female,Master's,PG - CE,4,4,4,4,4,2,3,3,4,4,4,4,3,3,4,4,3,4,4,4,Theoretical subjects need to be taught in some different ways. 
Female,Bachelor's,UG - CS,4,3,3,3,3,3,3,3,3,3,3,3,3,3,3,3,3,3,3,3,Use blackboard for explanations 
Female,Bachelor's,UG - CS,4,3,3,2,2,3,3,2,3,3,3,2,2,1,3,3,3,3,3,3,Nothing
Male,Bachelor's,UG - CS,4,4,4,4,4,4,4,4,4,4,4,4,4,4,4,4,4,4,4,4,Good
Male,Bachelor's,UG - CS,4,3,3,4,3,3,3,3,3,3,3,4,3,3,3,2,3,3,3,3,Use some student centric method based on individual students. And please have a session before each semester for the teachers to interact with the students and know their strengths and weaknesses.
Female,Bachelor's,UG - CS,4,4,4,3,3,2,3,3,3,3,3,3,3,2,3,3,3,3,3,3,Nothing 
Female,Master's,PG - CE,4,4,4,4,4,4,4,4,4,4,4,4,4,4,4,4,4,4,4,4,"TIME SCHEDULING
CARE
ATTENTION"
Male,Master's,MBA,4,3,3,2,4,3,3,2,3,3,3,3,2,2,3,2,3,3,3,3,Active  Interaction in the class will help the overall teaching learning experience
Male,Bachelor's,UG - CS,3,3,3,2,3,2,3,2,3,3,3,2,3,2,2,2,2,2,3,2,more industry and application level teaching 
Female,Master's,MBA,4,4,4,4,4,2,3,4,4,4,4,4,4,4,4,4,4,4,0,4,N/A
